-- MySQL dump 10.13  Distrib 5.6.17, for Win64 (x86_64)
--
-- Host: localhost    Database: qcdatabase
-- ------------------------------------------------------
-- Server version 5.6.17

/*!40101 SET @OLD_CHARACTER_SET_CLIENT=@@CHARACTER_SET_CLIENT */;
/*!40101 SET @OLD_CHARACTER_SET_RESULTS=@@CHARACTER_SET_RESULTS */;
/*!40101 SET @OLD_COLLATION_CONNECTION=@@COLLATION_CONNECTION */;
/*!40101 SET NAMES utf8 */;
/*!40103 SET @OLD_TIME_ZONE=@@TIME_ZONE */;
/*!40103 SET TIME_ZONE='+00:00' */;
/*!40014 SET @OLD_UNIQUE_CHECKS=@@UNIQUE_CHECKS, UNIQUE_CHECKS=0 */;
/*!40014 SET @OLD_FOREIGN_KEY_CHECKS=@@FOREIGN_KEY_CHECKS, FOREIGN_KEY_CHECKS=0 */;
/*!40101 SET @OLD_SQL_MODE=@@SQL_MODE, SQL_MODE='NO_AUTO_VALUE_ON_ZERO' */;
/*!40111 SET @OLD_SQL_NOTES=@@SQL_NOTES, SQL_NOTES=0 */;

--
-- Current Database: `qcdatabase`
--

CREATE DATABASE /*!32312 IF NOT EXISTS*/ `qcdatabase` /*!40100 DEFAULT CHARACTER SET utf8 */;

USE `qcdatabase`;

--
-- Table structure for table `qc_comment`
--

DROP TABLE IF EXISTS `qc_comment`;
/*!40101 SET @saved_cs_client     = @@character_set_client */;
/*!40101 SET character_set_client = utf8 */;
CREATE TABLE `qc_comment` (
  `id` int(11) NOT NULL AUTO_INCREMENT COMMENT '评论id',
  `discussid` int(11) NOT NULL COMMENT '讨论id',
  `reply_member` int(11) NOT NULL COMMENT '评论对象默认是0',
  `author` int(11) NOT NULL COMMENT '回复(评论)人',
  `content` varchar(1024) NOT NULL COMMENT '评论内容',
  `ctime` int(10) NOT NULL COMMENT '创建时间',
  `cip` varchar(32) NOT NULL COMMENT '创建ip',
  PRIMARY KEY (`id`)
) ENGINE=InnoDB AUTO_INCREMENT=151 DEFAULT CHARSET=utf8 COMMENT='评论表';
/*!40101 SET character_set_client = @saved_cs_client */;

--
-- Dumping data for table `qc_comment`
--

LOCK TABLES `qc_comment` WRITE;
/*!40000 ALTER TABLE `qc_comment` DISABLE KEYS */;
INSERT INTO `qc_comment` VALUES (1,11,0,9,'what is perfect design?',1416303048,'221.4.190.120'),(2,11,0,9,'what is perfect design?',1416303188,'221.4.190.120'),(3,1,0,9,'what is perfect design?',1416303470,'221.4.190.120'),(4,1,0,9,'what is perfect design?',1416303539,'221.4.190.120'),(6,19,0,12,'我也是',1416377393,'221.4.190.91'),(7,19,0,12,'你才是',1416377403,'221.4.190.91'),(8,19,0,12,'你才是',1416377408,'221.4.190.91'),(9,19,0,12,'别不说了',1416377421,'221.4.190.91'),(11,34,0,12,'很方便回家吧',1416454988,'221.4.190.91'),(12,34,0,12,'很方便回家吧',1416454988,'221.4.190.91'),(13,34,0,12,'很方便回家吧',1416454989,'221.4.190.91'),(14,34,0,12,'很方便回家吧',1416454989,'221.4.190.91'),(15,34,0,12,'很方便回家吧',1416454989,'221.4.190.91'),(16,34,0,12,'很方便回家吧',1416454990,'221.4.190.91'),(17,34,0,12,'很方便回家吧',1416454990,'221.4.190.91'),(18,34,0,12,'很方便回家吧',1416454990,'221.4.190.91'),(20,34,0,12,'很方便回家吧',1416454991,'221.4.190.91'),(21,34,0,12,'很方便回家吧',1416454991,'221.4.190.91'),(22,34,0,12,'很方便回家吧',1416454991,'221.4.190.91'),(23,34,0,12,'很方便回家吧',1416454991,'221.4.190.91'),(24,34,0,12,'很方便回家吧',1416454992,'221.4.190.91'),(25,34,0,12,'很方便回家吧',1416454992,'221.4.190.91'),(26,34,0,12,'很方便回家吧',1416454992,'221.4.190.91'),(27,34,0,12,'很方便回家吧',1416454995,'221.4.190.91'),(28,34,0,12,'很方便回家吧',1416454996,'221.4.190.91'),(29,34,0,12,'很方便回家吧',1416454998,'221.4.190.91'),(30,34,0,12,'很方便回家吧',1416454998,'221.4.190.91'),(31,34,0,12,'很方便回家吧',1416454999,'221.4.190.91'),(32,34,0,12,'很方便回家吧',1416454999,'221.4.190.91'),(33,34,0,12,'很方便回家吧',1416454999,'221.4.190.91'),(34,34,0,12,'很方便回家吧',1416454999,'221.4.190.91'),(35,34,0,12,'很方便回家吧',1416455000,'221.4.190.91'),(36,34,0,12,'很方便回家吧',1416455000,'221.4.190.91'),(37,34,0,12,'很方便回家吧',1416455000,'221.4.190.91'),(38,34,0,12,'很方便回家吧',1416455000,'221.4.190.91'),(39,34,0,12,'很方便回家吧',1416455001,'221.4.190.91'),(40,34,0,12,'很方便回家吧',1416455001,'221.4.190.91'),(41,34,0,12,'很方便回家吧',1416455105,'221.4.190.91'),(42,34,0,12,'很方便回家吧',1416455105,'221.4.190.91'),(43,34,0,12,'很方便回家吧',1416455106,'221.4.190.91'),(44,34,0,12,'很方便回家吧',1416455106,'221.4.190.91'),(45,34,0,12,'很方便回家吧',1416455106,'221.4.190.91'),(46,34,0,12,'很方便回家吧',1416455107,'221.4.190.91'),(47,34,0,12,'很方便回家吧',1416455107,'221.4.190.91'),(48,34,0,12,'很方便回家吧',1416455107,'221.4.190.91'),(49,34,0,12,'很方便回家吧',1416455107,'221.4.190.91'),(50,34,0,12,'很方便回家吧',1416455107,'221.4.190.91'),(51,34,0,12,'很方便回家吧',1416455108,'221.4.190.91'),(52,34,0,12,'很方便回家吧',1416455108,'221.4.190.91'),(53,34,0,12,'很方便回家吧',1416455108,'221.4.190.91'),(54,34,0,12,'很方便回家吧',1416455109,'221.4.190.91'),(55,34,0,12,'很方便回家吧',1416455109,'221.4.190.91'),(56,34,0,12,'很方便回家吧',1416455109,'221.4.190.91'),(57,34,0,12,'很方便回家吧',1416455109,'221.4.190.91'),(58,34,0,12,'很方便回家吧',1416455244,'221.4.190.91'),(59,34,0,12,'很方便回家吧',1416455244,'221.4.190.91'),(60,34,0,12,'很方便回家吧',1416455245,'221.4.190.91'),(61,34,0,12,'很方便回家吧',1416455246,'221.4.190.91'),(62,34,0,12,'很方便回家吧',1416455247,'221.4.190.91'),(63,34,0,12,'很方便回家吧',1416455248,'221.4.190.91'),(64,34,0,12,'很方便回家吧',1416455249,'221.4.190.91'),(65,34,0,12,'很方便回家吧',1416455249,'221.4.190.91'),(66,34,0,12,'很方便回家吧',1416455250,'221.4.190.91'),(67,34,0,12,'很方便回家吧',1416455251,'221.4.190.91'),(68,34,0,12,'很方便回家吧',1416455252,'221.4.190.91'),(69,34,0,12,'很方便回家吧',1416455252,'221.4.190.91'),(70,34,0,12,'很方便回家吧',1416455253,'221.4.190.91'),(71,34,0,12,'很方便回家吧',1416455254,'221.4.190.91'),(72,34,0,12,'航天员今天',1416455348,'221.4.190.91'),(73,34,0,12,'航天员今天',1416455350,'221.4.190.91'),(74,34,0,12,'航天员今天',1416455351,'221.4.190.91'),(75,19,0,12,'观看过库房',1416455864,'221.4.190.91'),(76,19,0,12,'观看过库房',1416455864,'221.4.190.91'),(77,19,0,12,'观看过库房',1416455865,'221.4.190.91'),(78,19,0,12,'观看过库房',1416455865,'221.4.190.91'),(79,19,0,12,'观看过库房',1416455866,'221.4.190.91'),(80,19,0,12,'观看过库房',1416455868,'221.4.190.91'),(81,19,0,12,'观看过库房',1416455869,'221.4.190.91'),(82,19,0,12,'观看过库房',1416455869,'221.4.190.91'),(83,19,0,12,'观看过库房',1416455869,'221.4.190.91'),(84,19,0,12,'观看过库房',1416455869,'221.4.190.91'),(85,19,0,12,'观看过库房',1416455870,'221.4.190.91'),(86,19,0,12,'观看过库房',1416455871,'221.4.190.91'),(87,19,0,12,'观看过库房',1416455872,'221.4.190.91'),(88,19,0,12,'观看过库房',1416455873,'221.4.190.91'),(89,19,0,12,'观看过库房',1416455873,'221.4.190.91'),(90,19,0,12,'观看过库房',1416455874,'221.4.190.91'),(91,19,0,12,'观看过库房',1416455875,'221.4.190.91'),(92,19,0,12,'观看过库房',1416455876,'221.4.190.91'),(93,19,0,12,'观看过库房',1416455876,'221.4.190.91'),(94,19,0,12,'观看过库房',1416455877,'221.4.190.91'),(95,19,0,12,'观看过库房',1416455878,'221.4.190.91'),(96,19,0,12,'观看过库房',1416455879,'221.4.190.91'),(97,19,0,12,'观看过库房',1416455880,'221.4.190.91'),(98,19,0,12,'观看过库房',1416455881,'221.4.190.91'),(99,19,0,12,'观看过库房',1416455882,'221.4.190.91'),(100,19,0,12,'观看过库房',1416455882,'221.4.190.91'),(101,19,0,12,'你妹',1416485282,'221.4.190.120'),(102,34,0,12,'碉堡',1416488169,'221.4.190.48'),(103,19,0,26,'你妈逼',1416629158,'221.4.190.108'),(104,25,0,26,'摩擦',1416629206,'221.4.190.108'),(105,36,0,26,'我还是觉得每天考勤七次比较好！',1416664239,'221.4.190.108'),(106,36,0,28,'放一天假嘛',1416666086,'221.4.190.108'),(107,37,0,21,'碉堡',1416749062,'120.197.196.66'),(108,36,0,28,'有人不\'我试下能不能实时通知',1416834645,'120.197.196.29'),(109,36,0,28,'有人不\'我试下能不能实时通知',1416834646,'120.197.196.20'),(110,36,0,28,'有人不\'我试下能不能实时通知',1416834647,'120.197.196.88'),(111,36,0,28,'评论了一条\'竟然没显示',1416834675,'120.197.196.5'),(112,37,0,28,'没显示',1416834690,'120.197.196.17'),(113,36,0,12,'还实时通知卧槽',1416892675,'221.4.190.78'),(114,36,0,12,'我改一下评论自动刷新',1416892703,'221.4.190.78'),(115,36,0,12,'早上在改评论界面！发送按钮在下面太蛋疼了',1416892749,'221.4.190.78'),(116,36,0,12,'我喜欢',1416894254,'221.4.190.78'),(117,36,0,12,'酷炫的新评论界面',1416898646,'221.4.190.78'),(118,36,0,12,'又改了评论的生成',1416922703,'221.4.190.122'),(119,36,0,12,'好像刷新有bug',1416922745,'221.4.190.122'),(120,36,0,12,'好像刷新有bug',1416922760,'221.4.190.122'),(121,36,0,12,'果然有bug',1416922867,'221.4.190.122'),(122,36,0,12,'bug修好了？',1416923029,'221.4.190.122'),(123,36,0,33,'我靠碉堡了',1417074563,'183.54.70.98'),(124,36,0,33,'66666meizhuo加油',1417074733,'183.54.70.98'),(125,36,0,12,'233333',1417075261,'221.4.190.15'),(126,35,0,26,'我',1417105268,'112.96.108.78'),(127,35,0,11,'摩擦摩擦',1417135148,'27.45.38.106'),(128,35,0,12,'mocamoca',1417321024,'221.4.190.206'),(129,35,0,21,'碉堡',1417328536,'221.4.190.48'),(130,35,0,21,'碉堡',1417328563,'221.4.190.48'),(131,34,0,21,'ni nei',1417586850,'221.4.190.88'),(132,34,0,21,'gggg',1417586867,'221.4.190.88'),(133,33,0,26,'V5立功',1417587307,'221.4.190.120'),(134,34,0,21,'碉堡la',1417674569,'221.4.190.88'),(135,35,0,21,'好',1417675576,'221.4.190.88'),(136,34,0,21,'感觉自己妹妹打',1417675599,'221.4.190.88'),(137,35,0,21,'哈哈',1417682383,'221.4.190.88'),(138,35,0,21,'蛋疼',1417682391,'221.4.190.88'),(139,35,0,21,'如果可以呃呃话',1417682403,'221.4.190.88'),(140,35,0,21,'我重写一次',1417682415,'221.4.190.88'),(141,33,0,21,'楼下傻逼',1417682445,'221.4.190.88'),(142,35,0,26,'吃屎',1417767641,'221.4.190.120'),(143,33,0,26,'傻逼',1417767748,'221.4.190.120'),(144,32,0,26,'就是',1417767756,'221.4.190.120'),(145,35,0,26,'好棒！',1417767818,'221.4.190.120'),(146,34,0,21,'很积极',1417767830,'221.4.190.88'),(147,35,0,26,'好厉害！！',1417767854,'221.4.190.120'),(148,39,0,26,'你好',1417829741,'112.96.98.145'),(149,35,0,26,'模块',1417862608,'221.4.190.120'),(150,42,0,26,'我使用的是zend studio',1417874729,'112.96.129.143');
/*!40000 ALTER TABLE `qc_comment` ENABLE KEYS */;
UNLOCK TABLES;

--
-- Table structure for table `qc_discuss`
--

DROP TABLE IF EXISTS `qc_discuss`;
/*!40101 SET @saved_cs_client     = @@character_set_client */;
/*!40101 SET character_set_client = utf8 */;
CREATE TABLE `qc_discuss` (
  `id` int(11) NOT NULL AUTO_INCREMENT COMMENT '讨论id',
  `meetid` int(11) NOT NULL COMMENT '所属会议id',
  `memberid` int(11) NOT NULL COMMENT '发布人id',
  `title` varchar(128) NOT NULL COMMENT '讨论标题',
  `content` text NOT NULL COMMENT '讨论内容',
  `ctime` int(10) NOT NULL COMMENT '发布时间',
  PRIMARY KEY (`id`)
) ENGINE=InnoDB AUTO_INCREMENT=44 DEFAULT CHARSET=utf8 COMMENT='讨论表';
/*!40101 SET character_set_client = @saved_cs_client */;

--
-- Dumping data for table `qc_discuss`
--

LOCK TABLES `qc_discuss` WRITE;
/*!40000 ALTER TABLE `qc_discuss` DISABLE KEYS */;
INSERT INTO `qc_discuss` VALUES (1,1,10,'product design','How to design a product',1416299784),(2,1,9,'product design','How to design a product',1416299851),(3,1,9,'product design','How to design a product',1416301494),(4,1,9,'product design','How to design a product',1416301519),(5,2,9,'product design','How to design a product',1416302308),(6,1,9,'product design','How to design a product',1416303047),(7,0,11,'摩擦擦','摩擦擦',1416318005),(8,125,11,'炼哥是傻逼？','炼哥是傻逼',1416375718),(9,125,11,'炼哥是傻逼？','炼哥是傻逼',1416375739),(10,125,11,'炼哥是傻逼？','炼哥是傻逼',1416375739),(11,125,11,'炼哥是傻逼？','炼哥是傻逼',1416375739),(12,125,11,'炼哥是傻逼？','炼哥是傻逼',1416375739),(13,125,11,'炼哥是傻逼？','炼哥是傻逼',1416375739),(14,125,11,'炼哥是傻逼？','炼哥是傻逼',1416375740),(15,125,11,'炼哥是傻逼？','炼哥是傻逼',1416375741),(16,125,11,'炼哥是傻逼？','炼哥是傻逼',1416375741),(17,125,11,'炼哥是傻逼？','炼哥是傻逼',1416375741),(18,125,11,'炼哥是傻逼？','炼哥是傻逼',1416375741),(19,126,12,'讨论','我我as',1416376152),(25,126,12,'我的滑板鞋','摩擦摩擦',1416376320),(26,126,12,'我的滑板鞋','摩擦摩擦',1416376322),(27,126,12,'谁最大','天下最大',1416376478),(28,126,12,'谁最大','天下最大',1416376481),(29,126,12,'卧槽','麻袋去',1416376501),(30,126,12,'卧槽','麻袋去',1416376503),(31,125,11,'炼哥都比','炼哥都比',1416400076),(32,126,12,'基于TP的开源项目太少了','一点分享心态都不好',1416400505),(33,126,12,'TP国外有人用吗？','貌似都是中国人在用啊！',1416400604),(34,126,12,'为什么你选择TP?','中文文档齐全？Full Stack ?',1416400647),(35,126,26,'如何看待ThinkPHP更新频率？','主要维护人只有1个，想必其他框架,更新速度比较慢。社区不够强大？',1416651732),(36,128,26,'考勤制度','1. 每周至少签到六次，连续三周考勤次数不够，负责人将会予以劝退。\n2. 考勤为填表的形式，负责人会不定时检查，严格惩罚弄虚作假。\n3. 切记每次到来工作室填写好考勤表。\n4. 考勤表每周一更换一次，由负责人负责打印出来。',1416664046),(37,128,26,'项目制度','1. 以指导老师以及负责人下达的项目优先，项目进度须每周在会议上总结报告。\n2. 工作室成员自行接项目须向负责人说明，以工作室内部成员为主体展开项目，并且每周在会议上总结报告。\n3. 项目过程由各个小组长协调安排人手，在小组长的带领下完成。如无项目在做，小组长须适当安排学习任务，并且实时跟进。',1416664070),(38,128,26,'开会制度','1. 每周召开部门会议，每两周召开全体会议，开全体会议的一周不强求召开小组会议，全体会议之后，小组长可以自行安排小组会议。\n2. 例会请假需告知负责人，待允许后方可缺席。无故缺席三次者将予以劝退。例会时间：每周五晚10点。\n3. 小组会议由各小组长组织召开，全体会议由负责人组织召开。\n4. 小组会议内容主要为学习进度以及项目进度总结，提出问题，共同商讨解决问题的方案。全体会议上小组长须向负责人报告小组成员的状况，以及在做项目进度等。全体会议上可以提出工作室完善方面的具有建设性的建议。',1416664092),(39,131,21,'title','title',1417829730),(40,129,21,'test1','test',1417831608),(41,132,41,'ThinkPHP的create()方法的自动验证','在运用create()方法创建数据对象时，是先创建数据对象再验证还是先验证再创建数据对象呢？\n如果在验证后改变数据了，那么会怎么样？',1417871744),(42,134,41,'开发工具的相关讨论','请大家讨论一下各种开发工具的优点和缺点，通过讨论选出哪种开发工具。',1417873893),(43,135,41,'开发工具的相关讨论','请大家讨论一下各种开发工具的优点和缺点，通过讨论选出哪种开发工具。',1417875964);
/*!40000 ALTER TABLE `qc_discuss` ENABLE KEYS */;
UNLOCK TABLES;

--
-- Table structure for table `qc_document`
--

DROP TABLE IF EXISTS `qc_document`;
/*!40101 SET @saved_cs_client     = @@character_set_client */;
/*!40101 SET character_set_client = utf8 */;
CREATE TABLE `qc_document` (
  `id` int(11) NOT NULL AUTO_INCREMENT COMMENT '自增长id',
  `meetid` int(11) NOT NULL COMMENT '会议id',
  `memberid` int(11) NOT NULL COMMENT '发布人id',
  `title` varchar(128) NOT NULL COMMENT '标题',
  `content` text NOT NULL COMMENT '文档内容',
  `ctime` int(10) NOT NULL COMMENT '发布时间',
  PRIMARY KEY (`id`)
) ENGINE=InnoDB AUTO_INCREMENT=28 DEFAULT CHARSET=utf8;
/*!40101 SET character_set_client = @saved_cs_client */;

--
-- Dumping data for table `qc_document`
--

LOCK TABLES `qc_document` WRITE;
/*!40000 ALTER TABLE `qc_document` DISABLE KEYS */;
INSERT INTO `qc_document` VALUES (3,126,12,'时间','会给你答案',1416376720),(4,126,12,'碉堡了','我我我我我去',1416376760),(5,126,12,'酷炫','吊炸天',1416376786),(6,126,12,'酷炫','吊炸天',1416376793),(7,126,12,'酷炫','吊炸天',1416376794),(8,126,12,'ios很封闭','android很开放',1416376832),(9,126,12,'ios很封闭','android很开放',1416376835),(10,126,12,'擦擦擦','你知己去',1416376859),(11,126,12,'擦擦擦','你知己去',1416376861),(12,126,12,'Cache in ThinkPHP','<p style=\"margin-top: 0px; margin-bottom: 0px; padding: 8px 0px; color: rgb(64, 64, 64); font-family: 微软雅黑; font-size: 16px; line-height: 27.2000007629395px; white-space: normal;\">在ThinkPHP中进行缓存操作，一般情况下并不需要直接操作缓存类，因为系统内置对缓存操作进行了封装，直接采用S方法即可，例如：</p><h2 style=\"margin: 16px 0px 0px; padding: 0px; font-size: 20px; border-bottom-width: 1px; border-bottom-style: solid; border-bottom-color: rgb(238, 238, 238); color: rgb(64, 64, 64); font-family: 微软雅黑; white-space: normal;\">缓存初始化</h2><pre class=\"prettyprint linenums webkit prettyprinted\" data-initialized=\"true\" data-gclp-id=\"25\" style=\"margin-top: 8px; margin-bottom: 0px; padding: 6px; border-width: 1px; border-color: rgb(221, 221, 221); position: relative; font-family: Consolas, &#39;Liberation Mono&#39;, Courier, 微软雅黑; color: rgb(51, 51, 51); border-top-left-radius: 3px; border-top-right-radius: 3px; border-bottom-right-radius: 3px; border-bottom-left-radius: 3px; font-size: 16px; line-height: 27.2000007629395px; background-color: rgb(249, 249, 249);\"><ol class=\"linenums\" style=\"margin-right: 0px; margin-left: 0px; padding: 0px 0px 0px 42px; list-style-position: initial; list-style-image: initial; color: rgb(43, 165, 216);\"><li class=\"L0\" style=\"margin: 0px; padding: 0px; border-left-width: 1px; border-left-style: solid; border-left-color: rgb(221, 221, 221);\"><code style=\"font-family: Consolas, &#39;Liberation Mono&#39;, Courier, 微软雅黑; color: rgb(51, 51, 51); padding-left: 2px; margin: 0px; border-left-width: 1px; border-left-style: solid; border-left-color: rgb(255, 255, 255); height: 27px; vertical-align: top; display: inline-block;\"><span class=\"com\" style=\"color: rgb(136, 0, 0);\">// 缓存初始化</span></code></li><li class=\"L1\" style=\"margin: 0px; padding: 0px; border-left-width: 1px; border-left-style: solid; border-left-color: rgb(221, 221, 221);\"><code style=\"font-family: Consolas, &#39;Liberation Mono&#39;, Courier, 微软雅黑; color: rgb(51, 51, 51); padding-left: 2px; margin: 0px; border-left-width: 1px; border-left-style: solid; border-left-color: rgb(255, 255, 255); height: 27px; vertical-align: top; display: inline-block;\"><span class=\"pln\" style=\"color: rgb(0, 0, 0);\">S</span><span class=\"pun\" style=\"color: rgb(102, 102, 0);\">(</span><span class=\"pln\" style=\"color: rgb(0, 0, 0);\">array</span><span class=\"pun\" style=\"color: rgb(102, 102, 0);\">(</span><span class=\"str\" style=\"color: rgb(0, 136, 0);\">&#39;type&#39;</span><span class=\"pun\" style=\"color: rgb(102, 102, 0);\">=&gt;</span><span class=\"str\" style=\"color: rgb(0, 136, 0);\">&#39;xcache&#39;</span><span class=\"pun\" style=\"color: rgb(102, 102, 0);\">,</span><span class=\"str\" style=\"color: rgb(0, 136, 0);\">&#39;expire&#39;</span><span class=\"pun\" style=\"color: rgb(102, 102, 0);\">=&gt;</span><span class=\"lit\" style=\"color: rgb(0, 102, 102);\">60</span><span class=\"pun\" style=\"color: rgb(102, 102, 0);\">));</span></code></li></ol></pre><p style=\"margin-top: 0px; margin-bottom: 0px; padding: 8px 0px; color: rgb(64, 64, 64); font-family: 微软雅黑; font-size: 16px; line-height: 27.2000007629395px; white-space: normal;\">缓存初始化可以支持的参数根据不同的缓存方式有所区别，常用的参数是：</p><table style=\"margin-top: 0px; margin-bottom: 0px; padding: 0px; border-collapse: separate; border: 1px solid rgb(221, 221, 221); border-top-left-radius: 3px; border-top-right-radius: 3px; border-bottom-right-radius: 3px; border-bottom-left-radius: 3px; color: rgb(64, 64, 64); font-family: 微软雅黑; line-height: 27.2000007629395px; white-space: normal; background-color: rgb(255, 255, 255);\"><thead><tr style=\"margin: 0px; padding: 0px;\"><th style=\"margin: 0px; padding: 6px; border-width: 0px 0px 1px; border-style: none none solid; border-bottom-color: rgb(221, 221, 221);\">参数</th><th style=\"margin: 0px; padding: 6px; border-width: 0px 0px 1px 1px; border-style: none none solid solid; border-bottom-color: rgb(221, 221, 221); border-left-color: rgb(221, 221, 221);\">描述</th></tr></thead><tbody><tr style=\"margin: 0px; padding: 0px; background-color: rgb(249, 249, 249);\"><td style=\"margin: 0px; padding: 6px; border-right-width: 0px; border-bottom-width: 0px; border-left-width: 0px; border-right-style: none; border-bottom-style: none; border-left-style: none;\">expire</td><td style=\"margin: 0px; padding: 6px; border-right-width: 0px; border-bottom-width: 0px; border-right-style: none; border-bottom-style: none;\">缓存有效期（时间为秒）</td></tr><tr style=\"margin: 0px; padding: 0px;\"><td style=\"margin: 0px; padding: 6px; border-right-width: 0px; border-bottom-width: 0px; border-left-width: 0px; border-right-style: none; border-bottom-style: none; border-left-style: none;\">prefix</td><td style=\"margin: 0px; padding: 6px; border-right-width: 0px; border-bottom-width: 0px; border-right-style: none; border-bottom-style: none;\">缓存标识前缀</td></tr><tr style=\"margin: 0px; padding: 0px; background-color: rgb(249, 249, 249);\"><td style=\"margin: 0px; padding: 6px; border-right-width: 0px; border-bottom-width: 0px; border-left-width: 0px; border-right-style: none; border-bottom-style: none; border-left-style: none;\">type</td><td style=\"margin: 0px; padding: 6px; border-right-width: 0px; border-bottom-width: 0px; border-right-style: none; border-bottom-style: none;\">缓存类型</td></tr></tbody></table><p style=\"margin-top: 0px; margin-bottom: 0px; padding: 8px 0px; color: rgb(64, 64, 64); font-family: 微软雅黑; font-size: 16px; line-height: 27.2000007629395px; white-space: normal;\"></p><p style=\"margin-top: 0px; margin-bottom: 0px; padding: 8px 0px; color: rgb(64, 64, 64); font-family: 微软雅黑; font-size: 16px; line-height: 27.2000007629395px; white-space: normal;\">系统目前已经支持的缓存类型包括：<code style=\"font-family: Consolas, &#39;Liberation Mono&#39;, Courier, 微软雅黑; padding-right: 4px; padding-left: 4px; margin: 0px 2px; white-space: nowrap; border-top-left-radius: 3px; border-top-right-radius: 3px; border-bottom-right-radius: 3px; border-bottom-left-radius: 3px;\">Apachenote、Apc、Db、Eaccelerator、File、Memcache、Redis、Shmop、Sqlite、Wincache和Xcache</code>。</p><p style=\"margin-top: 0px; margin-bottom: 0px; padding: 8px 0px; color: rgb(64, 64, 64); font-family: 微软雅黑; font-size: 16px; line-height: 27.2000007629395px; white-space: normal;\">如果S方法不传入type参数初始化的话，则读取配置文件中设置的<code style=\"font-family: Consolas, &#39;Liberation Mono&#39;, Courier, 微软雅黑; padding-right: 4px; padding-left: 4px; margin: 0px 2px; white-space: nowrap; border-top-left-radius: 3px; border-top-right-radius: 3px; border-bottom-right-radius: 3px; border-bottom-left-radius: 3px;\">DATA_CACHE_TYPE</code>参数值作为默认类型。同样的道理，prefix参数如果没有传入会读取配置文件的<code style=\"font-family: Consolas, &#39;Liberation Mono&#39;, Courier, 微软雅黑; padding-right: 4px; padding-left: 4px; margin: 0px 2px; white-space: nowrap; border-top-left-radius: 3px; border-top-right-radius: 3px; border-bottom-right-radius: 3px; border-bottom-left-radius: 3px;\">DATA_CACHE_PREFIX</code>参数值，expire参数没有传入则读取<code style=\"font-family: Consolas, &#39;Liberation Mono&#39;, Courier, 微软雅黑; padding-right: 4px; padding-left: 4px; margin: 0px 2px; white-space: nowrap; border-top-left-radius: 3px; border-top-right-radius: 3px; border-bottom-right-radius: 3px; border-bottom-left-radius: 3px;\">DATA_CACHE_TIME</code>配置值作为默认。</p><p style=\"margin-top: 0px; margin-bottom: 0px; padding: 8px 0px; color: rgb(64, 64, 64); font-family: 微软雅黑; font-size: 16px; line-height: 27.2000007629395px; white-space: normal;\">有些缓存方式会有一些自身特殊的参数，例如Memcache缓存，还需要配置其他的参数：</p><pre class=\"prettyprint linenums webkit prettyprinted\" data-initialized=\"true\" data-gclp-id=\"26\" style=\"margin-bottom: 0px; padding: 6px; border-width: 1px; border-color: rgb(221, 221, 221); position: relative; font-family: Consolas, &#39;Liberation Mono&#39;, Courier, 微软雅黑; color: rgb(51, 51, 51); border-top-left-radius: 3px; border-top-right-radius: 3px; border-bottom-right-radius: 3px; border-bottom-left-radius: 3px; font-size: 16px; line-height: 27.2000007629395px; background-color: rgb(249, 249, 249);\"><ol class=\"linenums\" style=\"margin-right: 0px; margin-left: 0px; padding: 0px 0px 0px 42px; list-style-position: initial; list-style-image: initial; color: rgb(43, 165, 216);\"><li class=\"L0\" style=\"margin: 0px; padding: 0px; border-left-width: 1px; border-left-style: solid; border-left-color: rgb(221, 221, 221);\"><code style=\"font-family: Consolas, &#39;Liberation Mono&#39;, Courier, 微软雅黑; color: rgb(51, 51, 51); padding-left: 2px; margin: 0px; border-left-width: 1px; border-left-style: solid; border-left-color: rgb(255, 255, 255); height: 27px; vertical-align: top; display: inline-block;\"><span class=\"pln\" style=\"color: rgb(0, 0, 0);\">S</span><span class=\"pun\" style=\"color: rgb(102, 102, 0);\">(</span><span class=\"pln\" style=\"color: rgb(0, 0, 0);\">array</span><span class=\"pun\" style=\"color: rgb(102, 102, 0);\">(</span></code></li><li class=\"L1\" style=\"margin: 0px; padding: 0px; border-left-width: 1px; border-left-style: solid; border-left-color: rgb(221, 221, 221);\"><code style=\"font-family: Consolas, &#39;Liberation Mono&#39;, Courier, 微软雅黑; color: rgb(51, 51, 51); padding-left: 2px; margin: 0px; border-left-width: 1px; border-left-style: solid; border-left-color: rgb(255, 255, 255); height: 27px; vertical-align: top; display: inline-block;\"><span class=\"pln\" style=\"color: rgb(0, 0, 0);\"> &nbsp; &nbsp;</span><span class=\"str\" style=\"color: rgb(0, 136, 0);\">&#39;type&#39;</span><span class=\"pun\" style=\"color: rgb(102, 102, 0);\">=&gt;</span><span class=\"str\" style=\"color: rgb(0, 136, 0);\">&#39;memcache&#39;</span><span class=\"pun\" style=\"color: rgb(102, 102, 0);\">,</span></code></li><li class=\"L2\" style=\"margin: 0px; padding: 0px; border-left-width: 1px; border-left-style: solid; border-left-color: rgb(221, 221, 221);\"><code style=\"font-family: Consolas, &#39;Liberation Mono&#39;, Courier, 微软雅黑; color: rgb(51, 51, 51); padding-left: 2px; margin: 0px; border-left-width: 1px; border-left-style: solid; border-left-color: rgb(255, 255, 255); height: 27px; vertical-align: top; display: inline-block;\"><span class=\"pln\" style=\"color: rgb(0, 0, 0);\"> &nbsp; &nbsp;</span><span class=\"str\" style=\"color: rgb(0, 136, 0);\">&#39;host&#39;</span><span class=\"pun\" style=\"color: rgb(102, 102, 0);\">=&gt;</span><span class=\"str\" style=\"color: rgb(0, 136, 0);\">&#39;192.168.1.10&#39;</span><span class=\"pun\" style=\"color: rgb(102, 102, 0);\">,</span></code></li><li class=\"L3\" style=\"margin: 0px; padding: 0px; border-left-width: 1px; border-left-style: solid; border-left-color: rgb(221, 221, 221);\"><code style=\"font-family: Consolas, &#39;Liberation Mono&#39;, Courier, 微软雅黑; color: rgb(51, 51, 51); padding-left: 2px; margin: 0px; border-left-width: 1px; border-left-style: solid; border-left-color: rgb(255, 255, 255); height: 27px; vertical-align: top; display: inline-block;\"><span class=\"pln\" style=\"color: rgb(0, 0, 0);\"> &nbsp; &nbsp;</span><span class=\"str\" style=\"color: rgb(0, 136, 0);\">&#39;port&#39;</span><span class=\"pun\" style=\"color: rgb(102, 102, 0);\">=&gt;</span><span class=\"str\" style=\"color: rgb(0, 136, 0);\">&#39;11211&#39;</span><span class=\"pun\" style=\"color: rgb(102, 102, 0);\">,</span></code></li><li class=\"L4\" style=\"margin: 0px; padding: 0px; border-left-width: 1px; border-left-style: solid; border-left-color: rgb(221, 221, 221);\"><code style=\"font-family: Consolas, &#39;Liberation Mono&#39;, Courier, 微软雅黑; color: rgb(51, 51, 51); padding-left: 2px; margin: 0px; border-left-width: 1px; border-left-style: solid; border-left-color: rgb(255, 255, 255); height: 27px; vertical-align: top; display: inline-block;\"><span class=\"pln\" style=\"color: rgb(0, 0, 0);\"> &nbsp; &nbsp;</span><span class=\"str\" style=\"color: rgb(0, 136, 0);\">&#39;prefix&#39;</span><span class=\"pun\" style=\"color: rgb(102, 102, 0);\">=&gt;</span><span class=\"str\" style=\"color: rgb(0, 136, 0);\">&#39;think&#39;</span><span class=\"pun\" style=\"color: rgb(102, 102, 0);\">,</span></code></li><li class=\"L5\" style=\"margin: 0px; padding: 0px; border-left-width: 1px; border-left-style: solid; border-left-color: rgb(221, 221, 221);\"><code style=\"font-family: Consolas, &#39;Liberation Mono&#39;, Courier, 微软雅黑; color: rgb(51, 51, 51); padding-left: 2px; margin: 0px; border-left-width: 1px; border-left-style: solid; border-left-color: rgb(255, 255, 255); height: 27px; vertical-align: top; display: inline-block;\"><span class=\"pln\" style=\"color: rgb(0, 0, 0);\"> &nbsp; &nbsp;</span><span class=\"str\" style=\"color: rgb(0, 136, 0);\">&#39;expire&#39;</span><span class=\"pun\" style=\"color: rgb(102, 102, 0);\">=&gt;</span><span class=\"lit\" style=\"color: rgb(0, 102, 102);\">60</span><span class=\"pun\" style=\"color: rgb(102, 102, 0);\">)</span></code></li><li class=\"L6\" style=\"margin: 0px; padding: 0px; border-left-width: 1px; border-left-style: solid; border-left-color: rgb(221, 221, 221);\"><code style=\"font-family: Consolas, &#39;Liberation Mono&#39;, Courier, 微软雅黑; color: rgb(51, 51, 51); padding-left: 2px; margin: 0px; border-left-width: 1px; border-left-style: solid; border-left-color: rgb(255, 255, 255); height: 27px; vertical-align: top; display: inline-block;\"><span class=\"pun\" style=\"color: rgb(102, 102, 0);\">);</span></code></li></ol></pre><p style=\"margin-top: 0px; margin-bottom: 0px; padding: 8px 0px; color: rgb(64, 64, 64); font-family: 微软雅黑; font-size: 16px; line-height: 27.2000007629395px; white-space: normal;\">对于全局的缓存方式，一般我们建议添加prefix（缓存前缀）参数用以区分不同的应用，以免混淆。</p><h2 style=\"margin: 16px 0px 0px; padding: 0px; font-size: 20px; border-bottom-width: 1px; border-bottom-style: solid; border-bottom-color: rgb(238, 238, 238); color: rgb(64, 64, 64); font-family: 微软雅黑; white-space: normal;\">缓存设置</h2><pre class=\"prettyprint linenums webkit prettyprinted\" data-initialized=\"true\" data-gclp-id=\"27\" style=\"margin-top: 8px; margin-bottom: 0px; padding: 6px; border-width: 1px; border-color: rgb(221, 221, 221); position: relative; font-family: Consolas, &#39;Liberation Mono&#39;, Courier, 微软雅黑; color: rgb(51, 51, 51); border-top-left-radius: 3px; border-top-right-radius: 3px; border-bottom-right-radius: 3px; border-bottom-left-radius: 3px; font-size: 16px; line-height: 27.2000007629395px; background-color: rgb(249, 249, 249);\"><ol class=\"linenums\" style=\"margin-right: 0px; margin-left: 0px; padding: 0px 0px 0px 42px; list-style-position: initial; list-style-image: initial; color: rgb(43, 165, 216);\"><li class=\"L0\" style=\"margin: 0px; padding: 0px; border-left-width: 1px; border-left-style: solid; border-left-color: rgb(221, 221, 221);\"><code style=\"font-family: Consolas, &#39;Liberation Mono&#39;, Courier, 微软雅黑; color: rgb(51, 51, 51); padding-left: 2px; margin: 0px; border-left-width: 1px; border-left-style: solid; border-left-color: rgb(255, 255, 255); height: 27px; vertical-align: top; display: inline-block;\"><span class=\"com\" style=\"color: rgb(136, 0, 0);\">// 设置缓存</span></code></li><li class=\"L1\" style=\"margin: 0px; padding: 0px; border-left-width: 1px; border-left-style: solid; border-left-color: rgb(221, 221, 221);\"><code style=\"font-family: Consolas, &#39;Liberation Mono&#39;, Courier, 微软雅黑; color: rgb(51, 51, 51); padding-left: 2px; margin: 0px; border-left-width: 1px; border-left-style: solid; border-left-color: rgb(255, 255, 255); height: 27px; vertical-align: top; display: inline-block;\"><span class=\"pln\" style=\"color: rgb(0, 0, 0);\">S</span><span class=\"pun\" style=\"color: rgb(102, 102, 0);\">(</span><span class=\"str\" style=\"color: rgb(0, 136, 0);\">&#39;name&#39;</span><span class=\"pun\" style=\"color: rgb(102, 102, 0);\">,</span><span class=\"pln\" style=\"color: rgb(0, 0, 0);\">$value</span><span class=\"pun\" style=\"color: rgb(102, 102, 0);\">);</span></code></li></ol></pre><p style=\"margin-top: 0px; margin-bottom: 0px; padding: 8px 0px; color: rgb(64, 64, 64); font-family: 微软雅黑; font-size: 16px; line-height: 27.2000007629395px; white-space: normal;\">会按照缓存初始化时候的参数进行缓存数据，也可以在缓存设置的时候改变参数，例如：</p><pre class=\"prettyprint linenums webkit prettyprinted\" data-initialized=\"true\" data-gclp-id=\"28\" style=\"margin-bottom: 0px; padding: 6px; border-width: 1px; border-color: rgb(221, 221, 221); position: relative; font-family: Consolas, &#39;Liberation Mono&#39;, Courier, 微软雅黑; color: rgb(51, 51, 51); border-top-left-radius: 3px; border-top-right-radius: 3px; border-bottom-right-radius: 3px; border-bottom-left-radius: 3px; font-size: 16px; line-height: 27.2000007629395px; background-color: rgb(249, 249, 249);\"><ol class=\"linenums\" style=\"margin-right: 0px; margin-left: 0px; padding: 0px 0px 0px 42px; list-style-position: initial; list-style-image: initial; color: rgb(43, 165, 216);\"><li class=\"L0\" style=\"margin: 0px; padding: 0px; border-left-width: 1px; border-left-style: solid; border-left-color: rgb(221, 221, 221);\"><code style=\"font-family: Consolas, &#39;Liberation Mono&#39;, Courier, 微软雅黑; color: rgb(51, 51, 51); padding-left: 2px; margin: 0px; border-left-width: 1px; border-left-style: solid; border-left-color: rgb(255, 255, 255); height: 27px; vertical-align: top; display: inline-block;\"><span class=\"com\" style=\"color: rgb(136, 0, 0);\">// 缓存数据300秒</span></code></li><li class=\"L1\" style=\"margin: 0px; padding: 0px; border-left-width: 1px; border-left-style: solid; border-left-color: rgb(221, 221, 221);\"><code style=\"font-family: Consolas, &#39;Liberation Mono&#39;, Courier, 微软雅黑; color: rgb(51, 51, 51); padding-left: 2px; margin: 0px; border-left-width: 1px; border-left-style: solid; border-left-color: rgb(255, 255, 255); height: 27px; vertical-align: top; display: inline-block;\"><span class=\"pln\" style=\"color: rgb(0, 0, 0);\">S</span><span class=\"pun\" style=\"color: rgb(102, 102, 0);\">(</span><span class=\"str\" style=\"color: rgb(0, 136, 0);\">&#39;name&#39;</span><span class=\"pun\" style=\"color: rgb(102, 102, 0);\">,</span><span class=\"pln\" style=\"color: rgb(0, 0, 0);\">$value</span><span class=\"pun\" style=\"color: rgb(102, 102, 0);\">,</span><span class=\"lit\" style=\"color: rgb(0, 102, 102);\">300</span><span class=\"pun\" style=\"color: rgb(102, 102, 0);\">);</span></code></li></ol></pre><p style=\"margin-top: 0px; margin-bottom: 0px; padding: 8px 0px; color: rgb(64, 64, 64); font-family: 微软雅黑; font-size: 16px; line-height: 27.2000007629395px; white-space: normal;\">甚至改变之前的缓存方式或者更多的参数：</p><pre class=\"prettyprint linenums webkit prettyprinted\" data-initialized=\"true\" data-gclp-id=\"29\" style=\"margin-bottom: 0px; padding: 6px; border-width: 1px; border-color: rgb(221, 221, 221); position: relative; font-family: Consolas, &#39;Liberation Mono&#39;, Courier, 微软雅黑; color: rgb(51, 51, 51); border-top-left-radius: 3px; border-top-right-radius: 3px; border-bottom-right-radius: 3px; border-bottom-left-radius: 3px; font-size: 16px; line-height: 27.2000007629395px; background-color: rgb(249, 249, 249);\"><ol class=\"linenums\" style=\"margin-right: 0px; margin-left: 0px; padding: 0px 0px 0px 42px; list-style-position: initial; list-style-image: initial; color: rgb(43, 165, 216);\"><li class=\"L0\" style=\"margin: 0px; padding: 0px; border-left-width: 1px; border-left-style: solid; border-left-color: rgb(221, 221, 221);\"><code style=\"font-family: Consolas, &#39;Liberation Mono&#39;, Courier, 微软雅黑; color: rgb(51, 51, 51); padding-left: 2px; margin: 0px; border-left-width: 1px; border-left-style: solid; border-left-color: rgb(255, 255, 255); height: 27px; vertical-align: top; display: inline-block;\"><span class=\"com\" style=\"color: rgb(136, 0, 0);\">// 采用文件方式缓存数据300秒</span></code></li><li class=\"L1\" style=\"margin: 0px; padding: 0px; border-left-width: 1px; border-left-style: solid; border-left-color: rgb(221, 221, 221);\"><code style=\"font-family: Consolas, &#39;Liberation Mono&#39;, Courier, 微软雅黑; color: rgb(51, 51, 51); padding-left: 2px; margin: 0px; border-left-width: 1px; border-left-style: solid; border-left-color: rgb(255, 255, 255); height: 27px; vertical-align: top; display: inline-block;\"><span class=\"pln\" style=\"color: rgb(0, 0, 0);\">S</span><span class=\"pun\" style=\"color: rgb(102, 102, 0);\">(</span><span class=\"str\" style=\"color: rgb(0, 136, 0);\">&#39;name&#39;</span><span class=\"pun\" style=\"color: rgb(102, 102, 0);\">,</span><span class=\"pln\" style=\"color: rgb(0, 0, 0);\">$value</span><span class=\"pun\" style=\"color: rgb(102, 102, 0);\">,</span><span class=\"pln\" style=\"color: rgb(0, 0, 0);\">array</span><span class=\"pun\" style=\"color: rgb(102, 102, 0);\">(</span><span class=\"str\" style=\"color: rgb(0, 136, 0);\">&#39;type&#39;</span><span class=\"pun\" style=\"color: rgb(102, 102, 0);\">=&gt;</span><span class=\"str\" style=\"color: rgb(0, 136, 0);\">&#39;file&#39;</span><span class=\"pun\" style=\"color: rgb(102, 102, 0);\">,</span><span class=\"str\" style=\"color: rgb(0, 136, 0);\">&#39;expire&#39;</span><span class=\"pun\" style=\"color: rgb(102, 102, 0);\">=&gt;</span><span class=\"lit\" style=\"color: rgb(0, 102, 102);\">300</span><span class=\"pun\" style=\"color: rgb(102, 102, 0);\">));</span></code></li></ol></pre><p style=\"margin-top: 0px; margin-bottom: 0px; padding: 8px 0px; color: rgb(64, 64, 64); font-family: 微软雅黑; font-size: 16px; line-height: 27.2000007629395px; white-space: normal;\">如果你在缓存设置的时候采用上面的数组方式传入参数的话，会影响到后面的缓存存取。</p><h2 style=\"margin: 16px 0px 0px; padding: 0px; font-size: 20px; border-bottom-width: 1px; border-bottom-style: solid; border-bottom-color: rgb(238, 238, 238); color: rgb(64, 64, 64); font-family: 微软雅黑; white-space: normal;\">缓存读取</h2><pre class=\"prettyprint linenums webkit prettyprinted\" data-initialized=\"true\" data-gclp-id=\"30\" style=\"margin-top: 8px; margin-bottom: 0px; padding: 6px; border-width: 1px; border-color: rgb(221, 221, 221); position: relative; font-family: Consolas, &#39;Liberation Mono&#39;, Courier, 微软雅黑; color: rgb(51, 51, 51); border-top-left-radius: 3px; border-top-right-radius: 3px; border-bottom-right-radius: 3px; border-bottom-left-radius: 3px; font-size: 16px; line-height: 27.2000007629395px; background-color: rgb(249, 249, 249);\"><ol class=\"linenums\" style=\"margin-right: 0px; margin-left: 0px; padding: 0px 0px 0px 42px; list-style-position: initial; list-style-image: initial; color: rgb(43, 165, 216);\"><li class=\"L0\" style=\"margin: 0px; padding: 0px; border-left-width: 1px; border-left-style: solid; border-left-color: rgb(221, 221, 221);\"><code style=\"font-family: Consolas, &#39;Liberation Mono&#39;, Courier, 微软雅黑; color: rgb(51, 51, 51); padding-left: 2px; margin: 0px; border-left-width: 1px; border-left-style: solid; border-left-color: rgb(255, 255, 255); height: 27px; vertical-align: top; display: inline-block;\"><span class=\"com\" style=\"color: rgb(136, 0, 0);\">// 读取缓存</span></code></li><li class=\"L1\" style=\"margin: 0px; padding: 0px; border-left-width: 1px; border-left-style: solid; border-left-color: rgb(221, 221, 221);\"><code style=\"font-family: Consolas, &#39;Liberation Mono&#39;, Courier, 微软雅黑; color: rgb(51, 51, 51); padding-left: 2px; margin: 0px; border-left-width: 1px; border-left-style: solid; border-left-color: rgb(255, 255, 255); height: 27px; vertical-align: top; display: inline-block;\"><span class=\"pln\" style=\"color: rgb(0, 0, 0);\">$value </span><span class=\"pun\" style=\"color: rgb(102, 102, 0);\">=</span><span class=\"pln\" style=\"color: rgb(0, 0, 0);\"> S</span><span class=\"pun\" style=\"color: rgb(102, 102, 0);\">(</span><span class=\"str\" style=\"color: rgb(0, 136, 0);\">&#39;name&#39;</span><span class=\"pun\" style=\"color: rgb(102, 102, 0);\">);</span></code></li></ol></pre><p style=\"margin-top: 0px; margin-bottom: 0px; padding: 8px 0px; color: rgb(64, 64, 64); font-family: 微软雅黑; font-size: 16px; line-height: 27.2000007629395px; white-space: normal;\">缓存读取的是前面缓存设置的值，这个值会受缓存初始化或者缓存设置的时候传入的参数影响。 如果缓存标识不存在或者已经过期，则返回false，否则返回缓存值。</p><h2 style=\"margin: 16px 0px 0px; padding: 0px; font-size: 20px; border-bottom-width: 1px; border-bottom-style: solid; border-bottom-color: rgb(238, 238, 238); color: rgb(64, 64, 64); font-family: 微软雅黑; white-space: normal;\">缓存删除</h2><pre class=\"prettyprint linenums webkit prettyprinted\" data-initialized=\"true\" data-gclp-id=\"31\" style=\"margin-top: 8px; margin-bottom: 0px; padding: 6px; border-width: 1px; border-color: rgb(221, 221, 221); position: relative; font-family: Consolas, &#39;Liberation Mono&#39;, Courier, 微软雅黑; color: rgb(51, 51, 51); border-top-left-radius: 3px; border-top-right-radius: 3px; border-bottom-right-radius: 3px; border-bottom-left-radius: 3px; font-size: 16px; line-height: 27.2000007629395px; background-color: rgb(249, 249, 249);\"><ol class=\"linenums\" style=\"margin-right: 0px; margin-left: 0px; padding: 0px 0px 0px 42px; list-style-position: initial; list-style-image: initial; color: rgb(43, 165, 216);\"><li class=\"L0\" style=\"margin: 0px; padding: 0px; border-left-width: 1px; border-left-style: solid; border-left-color: rgb(221, 221, 221);\"><code style=\"font-family: Consolas, &#39;Liberation Mono&#39;, Courier, 微软雅黑; color: rgb(51, 51, 51); padding-left: 2px; margin: 0px; border-left-width: 1px; border-left-style: solid; border-left-color: rgb(255, 255, 255); height: 27px; vertical-align: top; display: inline-block;\"><span class=\"com\" style=\"color: rgb(136, 0, 0);\">// 删除缓存</span></code></li><li class=\"L1\" style=\"margin: 0px; padding: 0px; border-left-width: 1px; border-left-style: solid; border-left-color: rgb(221, 221, 221);\"><code style=\"font-family: Consolas, &#39;Liberation Mono&#39;, Courier, 微软雅黑; color: rgb(51, 51, 51); padding-left: 2px; margin: 0px; border-left-width: 1px; border-left-style: solid; border-left-color: rgb(255, 255, 255); height: 27px; vertical-align: top; display: inline-block;\"><span class=\"pln\" style=\"color: rgb(0, 0, 0);\">S</span><span class=\"pun\" style=\"color: rgb(102, 102, 0);\">(</span><span class=\"str\" style=\"color: rgb(0, 136, 0);\">&#39;name&#39;</span><span class=\"pun\" style=\"color: rgb(102, 102, 0);\">,</span><span class=\"kwd\" style=\"color: rgb(0, 0, 136);\">null</span><span class=\"pun\" style=\"color: rgb(102, 102, 0);\">);</span></code></li></ol></pre><p style=\"margin-top: 0px; margin-bottom: 0px; padding: 8px 0px; color: rgb(64, 64, 64); font-family: 微软雅黑; font-size: 16px; line-height: 27.2000007629395px; white-space: normal;\">删除缓存标识为name的缓存数据。</p><h2 style=\"margin: 16px 0px 0px; padding: 0px; font-size: 20px; border-bottom-width: 1px; border-bottom-style: solid; border-bottom-color: rgb(238, 238, 238); color: rgb(64, 64, 64); font-family: 微软雅黑; white-space: normal;\">对象方式操作缓存</h2><p style=\"margin-top: 0px; margin-bottom: 0px; padding: 8px 0px; color: rgb(64, 64, 64); font-family: 微软雅黑; font-size: 16px; line-height: 27.2000007629395px; white-space: normal;\">我们可以采用对象方式操作缓存，例如：</p><pre class=\"prettyprint linenums webkit prettyprinted\" data-initialized=\"true\" data-gclp-id=\"32\" style=\"margin-bottom: 0px; padding: 6px; border-width: 1px; border-color: rgb(221, 221, 221); position: relative; font-family: Consolas, &#39;Liberation Mono&#39;, Courier, 微软雅黑; color: rgb(51, 51, 51); border-top-left-radius: 3px; border-top-right-radius: 3px; border-bottom-right-radius: 3px; border-bottom-left-radius: 3px; font-size: 16px; line-height: 27.2000007629395px; background-color: rgb(249, 249, 249);\"><ol class=\"linenums\" style=\"margin-right: 0px; margin-left: 0px; padding: 0px 0px 0px 42px; list-style-position: initial; list-style-image: initial; color: rgb(43, 165, 216);\"><li class=\"L0\" style=\"margin: 0px; padding: 0px; border-left-width: 1px; border-left-style: solid; border-left-color: rgb(221, 221, 221);\"><code style=\"font-family: Consolas, &#39;Liberation Mono&#39;, Courier, 微软雅黑; color: rgb(51, 51, 51); padding-left: 2px; margin: 0px; border-left-width: 1px; border-left-style: solid; border-left-color: rgb(255, 255, 255); height: 27px; vertical-align: top; display: inline-block;\"><span class=\"com\" style=\"color: rgb(136, 0, 0);\">// 初始化缓存</span></code></li><li class=\"L1\" style=\"margin: 0px; padding: 0px; border-left-width: 1px; border-left-style: solid; border-left-color: rgb(221, 221, 221);\"><code style=\"font-family: Consolas, &#39;Liberation Mono&#39;, Courier, 微软雅黑; color: rgb(51, 51, 51); padding-left: 2px; margin: 0px; border-left-width: 1px; border-left-style: solid; border-left-color: rgb(255, 255, 255); height: 27px; vertical-align: top; display: inline-block;\"><span class=\"pln\" style=\"color: rgb(0, 0, 0);\">$cache </span><span class=\"pun\" style=\"color: rgb(102, 102, 0);\">=</span><span class=\"pln\" style=\"color: rgb(0, 0, 0);\"> S</span><span class=\"pun\" style=\"color: rgb(102, 102, 0);\">(</span><span class=\"pln\" style=\"color: rgb(0, 0, 0);\">array</span><span class=\"pun\" style=\"color: rgb(102, 102, 0);\">(</span><span class=\"str\" style=\"color: rgb(0, 136, 0);\">&#39;type&#39;</span><span class=\"pun\" style=\"color: rgb(102, 102, 0);\">=&gt;</span><span class=\"str\" style=\"color: rgb(0, 136, 0);\">&#39;xcache&#39;</span><span class=\"pun\" style=\"color: rgb(102, 102, 0);\">,</span><span class=\"str\" style=\"color: rgb(0, 136, 0);\">&#39;prefix&#39;</span><span class=\"pun\" style=\"color: rgb(102, 102, 0);\">=&gt;</span><span class=\"str\" style=\"color: rgb(0, 136, 0);\">&#39;think&#39;</span><span class=\"pun\" style=\"color: rgb(102, 102, 0);\">,</span><span class=\"str\" style=\"color: rgb(0, 136, 0);\">&#39;expire&#39;</span><span class=\"pun\" style=\"color: rgb(102, 102, 0);\">=&gt;</span><span class=\"lit\" style=\"color: rgb(0, 102, 102);\">600</span><span class=\"pun\" style=\"color: rgb(102, 102, 0);\">));</span></code></li><li class=\"L2\" style=\"margin: 0px; padding: 0px; border-left-width: 1px; border-left-style: solid; border-left-color: rgb(221, 221, 221);\"><code style=\"font-family: Consolas, &#39;Liberation Mono&#39;, Courier, 微软雅黑; color: rgb(51, 51, 51); padding-left: 2px; margin: 0px; border-left-width: 1px; border-left-style: solid; border-left-color: rgb(255, 255, 255); height: 27px; vertical-align: top; display: inline-block;\"><span class=\"pln\" style=\"color: rgb(0, 0, 0);\">$cache</span><span class=\"pun\" style=\"color: rgb(102, 102, 0);\">-&gt;</span><span class=\"pln\" style=\"color: rgb(0, 0, 0);\">name </span><span class=\"pun\" style=\"color: rgb(102, 102, 0);\">=</span><span class=\"pln\" style=\"color: rgb(0, 0, 0);\"> </span><span class=\"str\" style=\"color: rgb(0, 136, 0);\">&#39;value&#39;</span><span class=\"pun\" style=\"color: rgb(102, 102, 0);\">;</span><span class=\"pln\" style=\"color: rgb(0, 0, 0);\"> </span><span class=\"com\" style=\"color: rgb(136, 0, 0);\">// 设置缓存</span></code></li><li class=\"L3\" style=\"margin: 0px; padding: 0px; border-left-width: 1px; border-left-style: solid; border-left-color: rgb(221, 221, 221);\"><code style=\"font-family: Consolas, &#39;Liberation Mono&#39;, Courier, 微软雅黑; color: rgb(51, 51, 51); padding-left: 2px; margin: 0px; border-left-width: 1px; border-left-style: solid; border-left-color: rgb(255, 255, 255); height: 27px; vertical-align: top; display: inline-block;\"><span class=\"pln\" style=\"color: rgb(0, 0, 0);\">$value </span><span class=\"pun\" style=\"color: rgb(102, 102, 0);\">=</span><span class=\"pln\" style=\"color: rgb(0, 0, 0);\"> $cache</span><span class=\"pun\" style=\"color: rgb(102, 102, 0);\">-&gt;</span><span class=\"pln\" style=\"color: rgb(0, 0, 0);\">name</span><span class=\"pun\" style=\"color: rgb(102, 102, 0);\">;</span><span class=\"pln\" style=\"color: rgb(0, 0, 0);\"> </span><span class=\"com\" style=\"color: rgb(136, 0, 0);\">// 获取缓存</span></code></li><li class=\"L4\" style=\"margin: 0px; padding: 0px; border-left-width: 1px; border-left-style: solid; border-left-color: rgb(221, 221, 221);\"><code style=\"font-family: Consolas, &#39;Liberation Mono&#39;, Courier, 微软雅黑; color: rgb(51, 51, 51); padding-left: 2px; margin: 0px; border-left-width: 1px; border-left-style: solid; border-left-color: rgb(255, 255, 255); height: 27px; vertical-align: top; display: inline-block;\"><span class=\"pln\" style=\"color: rgb(0, 0, 0);\">unset</span><span class=\"pun\" style=\"color: rgb(102, 102, 0);\">(</span><span class=\"pln\" style=\"color: rgb(0, 0, 0);\">$cache</span><span class=\"pun\" style=\"color: rgb(102, 102, 0);\">-&gt;</span><span class=\"pln\" style=\"color: rgb(0, 0, 0);\">name</span><span class=\"pun\" style=\"color: rgb(102, 102, 0);\">);</span><span class=\"pln\" style=\"color: rgb(0, 0, 0);\"> </span><span class=\"com\" style=\"color: rgb(136, 0, 0);\">// 删除缓存</span></code></li></ol></pre><blockquote style=\"margin-top: 8px; margin-bottom: 8px; padding-top: 8px; padding-right: 16px; padding-bottom: 8px; border-left-width: 5px; border-left-color: rgb(208, 227, 240); color: rgb(3, 130, 173); font-family: 微软雅黑; font-size: 16px; line-height: 27.2000007629395px; white-space: normal; background-color: rgb(240, 247, 253);\"><p style=\"margin-top: 0px; margin-bottom: 0px; padding: 8px 0px;\">如果你设置了缓存前缀的话，对应的缓存操作只是对应该缓存前缀标识的，不会影响其他的缓存。</p></blockquote><h2 style=\"margin: 16px 0px 0px; padding: 0px; font-size: 20px; border-bottom-width: 1px; border-bottom-style: solid; border-bottom-color: rgb(238, 238, 238); color: rgb(64, 64, 64); font-family: 微软雅黑; white-space: normal;\">缓存队列</h2><p style=\"margin-top: 0px; margin-bottom: 0px; padding: 8px 0px; color: rgb(64, 64, 64); font-family: 微软雅黑; font-size: 16px; line-height: 27.2000007629395px; white-space: normal;\">数据缓存可以支持缓存队列，简单的说就是可以限制缓存的数量，只需要在初始化的时候指定<code style=\"font-family: Consolas, &#39;Liberation Mono&#39;, Courier, 微软雅黑; padding-right: 4px; padding-left: 4px; margin: 0px 2px; white-space: nowrap; border-top-left-radius: 3px; border-top-right-radius: 3px; border-bottom-right-radius: 3px; border-bottom-left-radius: 3px;\">length</code>参数：</p><pre class=\"prettyprint linenums webkit prettyprinted\" data-initialized=\"true\" data-gclp-id=\"33\" style=\"margin-bottom: 0px; padding: 6px; border-width: 1px; border-color: rgb(221, 221, 221); position: relative; font-family: Consolas, &#39;Liberation Mono&#39;, Courier, 微软雅黑; color: rgb(51, 51, 51); border-top-left-radius: 3px; border-top-right-radius: 3px; border-bottom-right-radius: 3px; border-bottom-left-radius: 3px; font-size: 16px; line-height: 27.2000007629395px; background-color: rgb(249, 249, 249);\"><ol class=\"linenums\" style=\"margin-right: 0px; margin-left: 0px; padding: 0px 0px 0px 42px; list-style-position: initial; list-style-image: initial; color: rgb(43, 165, 216);\"><li class=\"L0\" style=\"margin: 0px; padding: 0px; border-left-width: 1px; border-left-style: solid; border-left-color: rgb(221, 221, 221);\"><code style=\"font-family: Consolas, &#39;Liberation Mono&#39;, Courier, 微软雅黑; color: rgb(51, 51, 51); padding-left: 2px; margin: 0px; border-left-width: 1px; border-left-style: solid; border-left-color: rgb(255, 255, 255); height: 27px; vertical-align: top; display: inline-block;\"><span class=\"pln\" style=\"color: rgb(0, 0, 0);\">S</span><span class=\"pun\" style=\"color: rgb(102, 102, 0);\">(</span><span class=\"pln\" style=\"color: rgb(0, 0, 0);\">array</span><span class=\"pun\" style=\"color: rgb(102, 102, 0);\">(</span><span class=\"str\" style=\"color: rgb(0, 136, 0);\">&#39;type&#39;</span><span class=\"pun\" style=\"color: rgb(102, 102, 0);\">=&gt;</span><span class=\"str\" style=\"color: rgb(0, 136, 0);\">&#39;xcache&#39;</span><span class=\"pun\" style=\"color: rgb(102, 102, 0);\">,</span><span class=\"str\" style=\"color: rgb(0, 136, 0);\">&#39;length&#39;</span><span class=\"pun\" style=\"color: rgb(102, 102, 0);\">=&gt;</span><span class=\"lit\" style=\"color: rgb(0, 102, 102);\">100</span><span class=\"pun\" style=\"color: rgb(102, 102, 0);\">,</span><span class=\"str\" style=\"color: rgb(0, 136, 0);\">&#39;expire&#39;</span><span class=\"pun\" style=\"color: rgb(102, 102, 0);\">=&gt;</span><span class=\"lit\" style=\"color: rgb(0, 102, 102);\">60</span><span class=\"pun\" style=\"color: rgb(102, 102, 0);\">));</span></code></li></ol></pre><p style=\"margin-top: 0px; margin-bottom: 0px; padding: 8px 0px; color: rgb(64, 64, 64); font-family: 微软雅黑; font-size: 16px; line-height: 27.2000007629395px; white-space: normal;\">设置了<code style=\"font-family: Consolas, &#39;Liberation Mono&#39;, Courier, 微软雅黑; padding-right: 4px; padding-left: 4px; margin: 0px 2px; white-space: nowrap; border-top-left-radius: 3px; border-top-right-radius: 3px; border-bottom-right-radius: 3px; border-bottom-left-radius: 3px;\">length</code>参数后，系统只会缓存最近的100条缓存数据。</p><p><br/></p>',1416376905),(13,126,12,'性能调试','<p style=\"margin-top: 0px; margin-bottom: 0px; padding: 8px 0px; color: rgb(64, 64, 64); font-family: 微软雅黑; font-size: 16px; line-height: 27.2000007629395px; white-space: normal;\">开发过程中，有些时候为了测试性能，经常需要调试某段代码的运行时间或者内存占用开销，系统提供了G方法可以很方便的获取某个区间的运行时间和内存占用情况。 例如：</p><pre class=\"prettyprint linenums webkit prettyprinted\" data-initialized=\"true\" data-gclp-id=\"10\" style=\"margin-bottom: 0px; padding: 6px; border-width: 1px; border-color: rgb(221, 221, 221); position: relative; font-family: Consolas, &#39;Liberation Mono&#39;, Courier, 微软雅黑; color: rgb(51, 51, 51); border-top-left-radius: 3px; border-top-right-radius: 3px; border-bottom-right-radius: 3px; border-bottom-left-radius: 3px; font-size: 16px; line-height: 27.2000007629395px; background-color: rgb(249, 249, 249);\"><ol class=\"linenums\" style=\"margin-right: 0px; margin-left: 0px; padding: 0px 0px 0px 42px; list-style-position: initial; list-style-image: initial; color: rgb(43, 165, 216);\"><li class=\"L0\" style=\"margin: 0px; padding: 0px; border-left-width: 1px; border-left-style: solid; border-left-color: rgb(221, 221, 221);\"><code style=\"font-family: Consolas, &#39;Liberation Mono&#39;, Courier, 微软雅黑; color: rgb(51, 51, 51); padding-left: 2px; margin: 0px; border-left-width: 1px; border-left-style: solid; border-left-color: rgb(255, 255, 255); height: 27px; vertical-align: top; display: inline-block;\"><span class=\"pln\" style=\"color: rgb(0, 0, 0);\">G</span><span class=\"pun\" style=\"color: rgb(102, 102, 0);\">(</span><span class=\"str\" style=\"color: rgb(0, 136, 0);\">&#39;begin&#39;</span><span class=\"pun\" style=\"color: rgb(102, 102, 0);\">);</span></code></li><li class=\"L1\" style=\"margin: 0px; padding: 0px; border-left-width: 1px; border-left-style: solid; border-left-color: rgb(221, 221, 221);\"><code style=\"font-family: Consolas, &#39;Liberation Mono&#39;, Courier, 微软雅黑; color: rgb(51, 51, 51); padding-left: 2px; margin: 0px; border-left-width: 1px; border-left-style: solid; border-left-color: rgb(255, 255, 255); height: 27px; vertical-align: top; display: inline-block;\"><span class=\"com\" style=\"color: rgb(136, 0, 0);\">// ...其他代码段</span></code></li><li class=\"L2\" style=\"margin: 0px; padding: 0px; border-left-width: 1px; border-left-style: solid; border-left-color: rgb(221, 221, 221);\"><code style=\"font-family: Consolas, &#39;Liberation Mono&#39;, Courier, 微软雅黑; color: rgb(51, 51, 51); padding-left: 2px; margin: 0px; border-left-width: 1px; border-left-style: solid; border-left-color: rgb(255, 255, 255); height: 27px; vertical-align: top; display: inline-block;\"><span class=\"pln\" style=\"color: rgb(0, 0, 0);\">G</span><span class=\"pun\" style=\"color: rgb(102, 102, 0);\">(</span><span class=\"str\" style=\"color: rgb(0, 136, 0);\">&#39;end&#39;</span><span class=\"pun\" style=\"color: rgb(102, 102, 0);\">);</span></code></li><li class=\"L3\" style=\"margin: 0px; padding: 0px; border-left-width: 1px; border-left-style: solid; border-left-color: rgb(221, 221, 221);\"><code style=\"font-family: Consolas, &#39;Liberation Mono&#39;, Courier, 微软雅黑; color: rgb(51, 51, 51); padding-left: 2px; margin: 0px; border-left-width: 1px; border-left-style: solid; border-left-color: rgb(255, 255, 255); height: 27px; vertical-align: top; display: inline-block;\"><span class=\"com\" style=\"color: rgb(136, 0, 0);\">// ...也许这里还有其他代码</span></code></li><li class=\"L4\" style=\"margin: 0px; padding: 0px; border-left-width: 1px; border-left-style: solid; border-left-color: rgb(221, 221, 221);\"><code style=\"font-family: Consolas, &#39;Liberation Mono&#39;, Courier, 微软雅黑; color: rgb(51, 51, 51); padding-left: 2px; margin: 0px; border-left-width: 1px; border-left-style: solid; border-left-color: rgb(255, 255, 255); height: 27px; vertical-align: top; display: inline-block;\"><span class=\"com\" style=\"color: rgb(136, 0, 0);\">// 进行统计区间</span></code></li><li class=\"L5\" style=\"margin: 0px; padding: 0px; border-left-width: 1px; border-left-style: solid; border-left-color: rgb(221, 221, 221);\"><code style=\"font-family: Consolas, &#39;Liberation Mono&#39;, Courier, 微软雅黑; color: rgb(51, 51, 51); padding-left: 2px; margin: 0px; border-left-width: 1px; border-left-style: solid; border-left-color: rgb(255, 255, 255); height: 27px; vertical-align: top; display: inline-block;\"><span class=\"pln\" style=\"color: rgb(0, 0, 0);\">echo G</span><span class=\"pun\" style=\"color: rgb(102, 102, 0);\">(</span><span class=\"str\" style=\"color: rgb(0, 136, 0);\">&#39;begin&#39;</span><span class=\"pun\" style=\"color: rgb(102, 102, 0);\">,</span><span class=\"str\" style=\"color: rgb(0, 136, 0);\">&#39;end&#39;</span><span class=\"pun\" style=\"color: rgb(102, 102, 0);\">).</span><span class=\"str\" style=\"color: rgb(0, 136, 0);\">&#39;s&#39;</span><span class=\"pun\" style=\"color: rgb(102, 102, 0);\">;</span></code></li></ol></pre><p style=\"margin-top: 0px; margin-bottom: 0px; padding: 8px 0px; color: rgb(64, 64, 64); font-family: 微软雅黑; font-size: 16px; line-height: 27.2000007629395px; white-space: normal;\">G(&#39;begin&#39;,&#39;end&#39;) 表示统计begin位置到end位置的执行时间（单位是秒），begin必须是一个已经标记过的位置，如果这个时候end位置还没被标记过，则会自动把当前位置标记为end标签，输出的结果类似于：<code style=\"font-family: Consolas, &#39;Liberation Mono&#39;, Courier, 微软雅黑; padding-right: 4px; padding-left: 4px; margin: 0px 2px; white-space: nowrap; border-top-left-radius: 3px; border-top-right-radius: 3px; border-bottom-right-radius: 3px; border-bottom-left-radius: 3px;\">0.0056s</code></p><p style=\"margin-top: 0px; margin-bottom: 0px; padding: 8px 0px; color: rgb(64, 64, 64); font-family: 微软雅黑; font-size: 16px; line-height: 27.2000007629395px; white-space: normal;\">默认的统计精度是小数点后4位，如果觉得这个统计精度不够，还可以设置例如：</p><pre class=\"prettyprint linenums webkit prettyprinted\" data-initialized=\"true\" data-gclp-id=\"11\" style=\"margin-bottom: 0px; padding: 6px; border-width: 1px; border-color: rgb(221, 221, 221); position: relative; font-family: Consolas, &#39;Liberation Mono&#39;, Courier, 微软雅黑; color: rgb(51, 51, 51); border-top-left-radius: 3px; border-top-right-radius: 3px; border-bottom-right-radius: 3px; border-bottom-left-radius: 3px; font-size: 16px; line-height: 27.2000007629395px; background-color: rgb(249, 249, 249);\"><ol class=\"linenums\" style=\"margin-right: 0px; margin-left: 0px; padding: 0px 0px 0px 42px; list-style-position: initial; list-style-image: initial; color: rgb(43, 165, 216);\"><li class=\"L0\" style=\"margin: 0px; padding: 0px; border-left-width: 1px; border-left-style: solid; border-left-color: rgb(221, 221, 221);\"><code style=\"font-family: Consolas, &#39;Liberation Mono&#39;, Courier, 微软雅黑; color: rgb(51, 51, 51); padding-left: 2px; margin: 0px; border-left-width: 1px; border-left-style: solid; border-left-color: rgb(255, 255, 255); height: 27px; vertical-align: top; display: inline-block;\"><span class=\"pln\" style=\"color: rgb(0, 0, 0);\">G</span><span class=\"pun\" style=\"color: rgb(102, 102, 0);\">(</span><span class=\"str\" style=\"color: rgb(0, 136, 0);\">&#39;begin&#39;</span><span class=\"pun\" style=\"color: rgb(102, 102, 0);\">,</span><span class=\"str\" style=\"color: rgb(0, 136, 0);\">&#39;end&#39;</span><span class=\"pun\" style=\"color: rgb(102, 102, 0);\">,</span><span class=\"lit\" style=\"color: rgb(0, 102, 102);\">6</span><span class=\"pun\" style=\"color: rgb(102, 102, 0);\">).</span><span class=\"str\" style=\"color: rgb(0, 136, 0);\">&#39;s&#39;</span><span class=\"pun\" style=\"color: rgb(102, 102, 0);\">;</span></code></li></ol></pre><p style=\"margin-top: 0px; margin-bottom: 0px; padding: 8px 0px; color: rgb(64, 64, 64); font-family: 微软雅黑; font-size: 16px; line-height: 27.2000007629395px; white-space: normal;\">可能的输出会变成：<code style=\"font-family: Consolas, &#39;Liberation Mono&#39;, Courier, 微软雅黑; padding-right: 4px; padding-left: 4px; margin: 0px 2px; white-space: nowrap; border-top-left-radius: 3px; border-top-right-radius: 3px; border-bottom-right-radius: 3px; border-bottom-left-radius: 3px;\">0.005587s</code></p><p style=\"margin-top: 0px; margin-bottom: 0px; padding: 8px 0px; color: rgb(64, 64, 64); font-family: 微软雅黑; font-size: 16px; line-height: 27.2000007629395px; white-space: normal;\">如果你的环境支持内存占用统计的话，还可以使用G方法进行区间内存开销统计（单位为kb），例如：</p><pre class=\"prettyprint linenums webkit prettyprinted\" data-initialized=\"true\" data-gclp-id=\"12\" style=\"margin-bottom: 0px; padding: 6px; border-width: 1px; border-color: rgb(221, 221, 221); position: relative; font-family: Consolas, &#39;Liberation Mono&#39;, Courier, 微软雅黑; color: rgb(51, 51, 51); border-top-left-radius: 3px; border-top-right-radius: 3px; border-bottom-right-radius: 3px; border-bottom-left-radius: 3px; font-size: 16px; line-height: 27.2000007629395px; background-color: rgb(249, 249, 249);\"><ol class=\"linenums\" style=\"margin-right: 0px; margin-left: 0px; padding: 0px 0px 0px 42px; list-style-position: initial; list-style-image: initial; color: rgb(43, 165, 216);\"><li class=\"L0\" style=\"margin: 0px; padding: 0px; border-left-width: 1px; border-left-style: solid; border-left-color: rgb(221, 221, 221);\"><code style=\"font-family: Consolas, &#39;Liberation Mono&#39;, Courier, 微软雅黑; color: rgb(51, 51, 51); padding-left: 2px; margin: 0px; border-left-width: 1px; border-left-style: solid; border-left-color: rgb(255, 255, 255); height: 27px; vertical-align: top; display: inline-block;\"><span class=\"pln\" style=\"color: rgb(0, 0, 0);\">echo G</span><span class=\"pun\" style=\"color: rgb(102, 102, 0);\">(</span><span class=\"str\" style=\"color: rgb(0, 136, 0);\">&#39;begin&#39;</span><span class=\"pun\" style=\"color: rgb(102, 102, 0);\">,</span><span class=\"str\" style=\"color: rgb(0, 136, 0);\">&#39;end&#39;</span><span class=\"pun\" style=\"color: rgb(102, 102, 0);\">,</span><span class=\"str\" style=\"color: rgb(0, 136, 0);\">&#39;m&#39;</span><span class=\"pun\" style=\"color: rgb(102, 102, 0);\">).</span><span class=\"str\" style=\"color: rgb(0, 136, 0);\">&#39;kb&#39;</span><span class=\"pun\" style=\"color: rgb(102, 102, 0);\">;</span></code></li></ol></pre><p style=\"margin-top: 0px; margin-bottom: 0px; padding: 8px 0px; color: rgb(64, 64, 64); font-family: 微软雅黑; font-size: 16px; line-height: 27.2000007629395px; white-space: normal;\">第三个参数使用m表示进行内存开销统计，输出的结果可能是：<code style=\"font-family: Consolas, &#39;Liberation Mono&#39;, Courier, 微软雅黑; padding-right: 4px; padding-left: 4px; margin: 0px 2px; white-space: nowrap; border-top-left-radius: 3px; border-top-right-radius: 3px; border-bottom-right-radius: 3px; border-bottom-left-radius: 3px;\">625kb</code></p><p style=\"margin-top: 0px; margin-bottom: 0px; padding: 8px 0px; color: rgb(64, 64, 64); font-family: 微软雅黑; font-size: 16px; line-height: 27.2000007629395px; white-space: normal;\">同样，如果end标签没有被标记的话，会自动把当前位置先标记位end标签。</p><blockquote style=\"margin-top: 8px; margin-bottom: 8px; padding-top: 8px; padding-right: 16px; padding-bottom: 8px; border-left-width: 5px; border-left-color: rgb(208, 227, 240); color: rgb(3, 130, 173); font-family: 微软雅黑; font-size: 16px; line-height: 27.2000007629395px; white-space: normal; background-color: rgb(240, 247, 253);\"><p style=\"margin-top: 0px; margin-bottom: 0px; padding: 8px 0px;\">如果环境不支持内存统计，则该参数无效，仍然会进行区间运行时间统计。</p></blockquote><p><br/></p>',1416376906),(14,126,12,'ThinkPHP3.2.2版本发布','<p><span style=\"font-weight: 700; font-size: 18px; white-space: normal; color: rgb(50, 50, 50); font-family: &#39;Century Gothic&#39;, &#39;Microsoft yahei&#39;; line-height: 28.7999992370605px;\">[ 更新日志 ]</span><br style=\"font-size: 18px; white-space: normal; color: rgb(50, 50, 50); font-family: &#39;Century Gothic&#39;, &#39;Microsoft yahei&#39;; line-height: 28.7999992370605px;\"/><span style=\"color: rgb(50, 50, 50); white-space: normal; font-family: &#39;Century Gothic&#39;, &#39;Microsoft yahei&#39;; line-height: 28.7999992370605px;\">[增加]配置文件增加yaml/json/xml/ini/自定义格式支持</span><br style=\"font-size: 18px; white-space: normal; color: rgb(50, 50, 50); font-family: &#39;Century Gothic&#39;, &#39;Microsoft yahei&#39;; line-height: 28.7999992370605px;\"/><span style=\"color: rgb(50, 50, 50); white-space: normal; font-family: &#39;Century Gothic&#39;, &#39;Microsoft yahei&#39;; line-height: 28.7999992370605px;\">[增加]增加load_config函数用于加载配置文件</span><br style=\"font-size: 18px; white-space: normal; color: rgb(50, 50, 50); font-family: &#39;Century Gothic&#39;, &#39;Microsoft yahei&#39;; line-height: 28.7999992370605px;\"/><span style=\"color: rgb(50, 50, 50); white-space: normal; font-family: &#39;Century Gothic&#39;, &#39;Microsoft yahei&#39;; line-height: 28.7999992370605px;\">[增加]增加CONF_EXT和CONF_PARSE常量，用于定义配置文件后缀及解析方法</span><br style=\"font-size: 18px; white-space: normal; color: rgb(50, 50, 50); font-family: &#39;Century Gothic&#39;, &#39;Microsoft yahei&#39;; line-height: 28.7999992370605px;\"/><span style=\"color: rgb(50, 50, 50); white-space: normal; font-family: &#39;Century Gothic&#39;, &#39;Microsoft yahei&#39;; line-height: 28.7999992370605px;\">[增加]模块增加状态配置文件</span><br style=\"font-size: 18px; white-space: normal; color: rgb(50, 50, 50); font-family: &#39;Century Gothic&#39;, &#39;Microsoft yahei&#39;; line-height: 28.7999992370605px;\"/><span style=\"color: rgb(50, 50, 50); white-space: normal; font-family: &#39;Century Gothic&#39;, &#39;Microsoft yahei&#39;; line-height: 28.7999992370605px;\">[增加]cookie函数增加httponly参数支持</span><br style=\"font-size: 18px; white-space: normal; color: rgb(50, 50, 50); font-family: &#39;Century Gothic&#39;, &#39;Microsoft yahei&#39;; line-height: 28.7999992370605px;\"/><span style=\"color: rgb(50, 50, 50); white-space: normal; font-family: &#39;Century Gothic&#39;, &#39;Microsoft yahei&#39;; line-height: 28.7999992370605px;\">[增加]增加COOKIE_HTTPONLY配置参数</span><br style=\"font-size: 18px; white-space: normal; color: rgb(50, 50, 50); font-family: &#39;Century Gothic&#39;, &#39;Microsoft yahei&#39;; line-height: 28.7999992370605px;\"/><span style=\"color: rgb(50, 50, 50); white-space: normal; font-family: &#39;Century Gothic&#39;, &#39;Microsoft yahei&#39;; line-height: 28.7999992370605px;\">[增加]增加插件的控制器访问支持</span><br style=\"font-size: 18px; white-space: normal; color: rgb(50, 50, 50); font-family: &#39;Century Gothic&#39;, &#39;Microsoft yahei&#39;; line-height: 28.7999992370605px;\"/><span style=\"color: rgb(50, 50, 50); white-space: normal; font-family: &#39;Century Gothic&#39;, &#39;Microsoft yahei&#39;; line-height: 28.7999992370605px;\">[增加]增加CONTROLLER_PATH常量用于定义控制器的命名空间路径</span><br style=\"font-size: 18px; white-space: normal; color: rgb(50, 50, 50); font-family: &#39;Century Gothic&#39;, &#39;Microsoft yahei&#39;; line-height: 28.7999992370605px;\"/><span style=\"color: rgb(50, 50, 50); white-space: normal; font-family: &#39;Century Gothic&#39;, &#39;Microsoft yahei&#39;; line-height: 28.7999992370605px;\">[增加]添加VAR_ADDON配置参数 用于设置默认的插件控制器命名空间变量</span><br style=\"font-size: 18px; white-space: normal; color: rgb(50, 50, 50); font-family: &#39;Century Gothic&#39;, &#39;Microsoft yahei&#39;; line-height: 28.7999992370605px;\"/><span style=\"color: rgb(50, 50, 50); white-space: normal; font-family: &#39;Century Gothic&#39;, &#39;Microsoft yahei&#39;; line-height: 28.7999992370605px;\">[增加]dispatcher类增加getSpace方法用于获取控制器的命名空间路径</span><br style=\"font-size: 18px; white-space: normal; color: rgb(50, 50, 50); font-family: &#39;Century Gothic&#39;, &#39;Microsoft yahei&#39;; line-height: 28.7999992370605px;\"/><span style=\"color: rgb(50, 50, 50); white-space: normal; font-family: &#39;Century Gothic&#39;, &#39;Microsoft yahei&#39;; line-height: 28.7999992370605px;\">[增加]I函数增加path和data类型变量的用法</span><br style=\"font-size: 18px; white-space: normal; color: rgb(50, 50, 50); font-family: &#39;Century Gothic&#39;, &#39;Microsoft yahei&#39;; line-height: 28.7999992370605px;\"/><span style=\"color: rgb(50, 50, 50); white-space: normal; font-family: &#39;Century Gothic&#39;, &#39;Microsoft yahei&#39;; line-height: 28.7999992370605px;\">[增加]引入composer支持（还需要完善）</span><br style=\"font-size: 18px; white-space: normal; color: rgb(50, 50, 50); font-family: &#39;Century Gothic&#39;, &#39;Microsoft yahei&#39;; line-height: 28.7999992370605px;\"/><span style=\"color: rgb(50, 50, 50); white-space: normal; font-family: &#39;Century Gothic&#39;, &#39;Microsoft yahei&#39;; line-height: 28.7999992370605px;\">[增加]xcahe和wincache驱动增加clear方法</span><br style=\"font-size: 18px; white-space: normal; color: rgb(50, 50, 50); font-family: &#39;Century Gothic&#39;, &#39;Microsoft yahei&#39;; line-height: 28.7999992370605px;\"/><span style=\"color: rgb(50, 50, 50); white-space: normal; font-family: &#39;Century Gothic&#39;, &#39;Microsoft yahei&#39;; line-height: 28.7999992370605px;\">[增加]自动生成机制支持多个模块的控制器和模型类的批量生成</span><br style=\"font-size: 18px; white-space: normal; color: rgb(50, 50, 50); font-family: &#39;Century Gothic&#39;, &#39;Microsoft yahei&#39;; line-height: 28.7999992370605px;\"/><br style=\"font-size: 18px; white-space: normal; color: rgb(50, 50, 50); font-family: &#39;Century Gothic&#39;, &#39;Microsoft yahei&#39;; line-height: 28.7999992370605px;\"/><span style=\"color: rgb(50, 50, 50); white-space: normal; font-family: &#39;Century Gothic&#39;, &#39;Microsoft yahei&#39;; line-height: 28.7999992370605px;\">[修正]修正上传类不能动态改变rootPath的BUG</span><br style=\"font-size: 18px; white-space: normal; color: rgb(50, 50, 50); font-family: &#39;Century Gothic&#39;, &#39;Microsoft yahei&#39;; line-height: 28.7999992370605px;\"/><span style=\"color: rgb(50, 50, 50); white-space: normal; font-family: &#39;Century Gothic&#39;, &#39;Microsoft yahei&#39;; line-height: 28.7999992370605px;\">[修正]修正RestController类的执行顺序</span><br style=\"font-size: 18px; white-space: normal; color: rgb(50, 50, 50); font-family: &#39;Century Gothic&#39;, &#39;Microsoft yahei&#39;; line-height: 28.7999992370605px;\"/><span style=\"color: rgb(50, 50, 50); white-space: normal; font-family: &#39;Century Gothic&#39;, &#39;Microsoft yahei&#39;; line-height: 28.7999992370605px;\">[修正]修正Model类的参数绑定的一处BUG</span><br style=\"font-size: 18px; white-space: normal; color: rgb(50, 50, 50); font-family: &#39;Century Gothic&#39;, &#39;Microsoft yahei&#39;; line-height: 28.7999992370605px;\"/><span style=\"color: rgb(50, 50, 50); white-space: normal; font-family: &#39;Century Gothic&#39;, &#39;Microsoft yahei&#39;; line-height: 28.7999992370605px;\">[修正]修正CronRun行为扩展一处错误</span><br style=\"font-size: 18px; white-space: normal; color: rgb(50, 50, 50); font-family: &#39;Century Gothic&#39;, &#39;Microsoft yahei&#39;; line-height: 28.7999992370605px;\"/><span style=\"color: rgb(50, 50, 50); white-space: normal; font-family: &#39;Century Gothic&#39;, &#39;Microsoft yahei&#39;; line-height: 28.7999992370605px;\">[修正]修正GIF类</span><br style=\"font-size: 18px; white-space: normal; color: rgb(50, 50, 50); font-family: &#39;Century Gothic&#39;, &#39;Microsoft yahei&#39;; line-height: 28.7999992370605px;\"/><span style=\"color: rgb(50, 50, 50); white-space: normal; font-family: &#39;Century Gothic&#39;, &#39;Microsoft yahei&#39;; line-height: 28.7999992370605px;\">[修正]修正rest控制器的encodeData方法</span><br style=\"font-size: 18px; white-space: normal; color: rgb(50, 50, 50); font-family: &#39;Century Gothic&#39;, &#39;Microsoft yahei&#39;; line-height: 28.7999992370605px;\"/><span style=\"color: rgb(50, 50, 50); white-space: normal; font-family: &#39;Century Gothic&#39;, &#39;Microsoft yahei&#39;; line-height: 28.7999992370605px;\">[修正]修正ViewModel可能因空格导致Order方法错误的bug</span><br style=\"font-size: 18px; white-space: normal; color: rgb(50, 50, 50); font-family: &#39;Century Gothic&#39;, &#39;Microsoft yahei&#39;; line-height: 28.7999992370605px;\"/><span style=\"color: rgb(50, 50, 50); white-space: normal; font-family: &#39;Century Gothic&#39;, &#39;Microsoft yahei&#39;; line-height: 28.7999992370605px;\">[修正]修正MongoModel类的写入数据的自增获取</span><br style=\"font-size: 18px; white-space: normal; color: rgb(50, 50, 50); font-family: &#39;Century Gothic&#39;, &#39;Microsoft yahei&#39;; line-height: 28.7999992370605px;\"/><span style=\"color: rgb(50, 50, 50); white-space: normal; font-family: &#39;Century Gothic&#39;, &#39;Microsoft yahei&#39;; line-height: 28.7999992370605px;\">[修正]修正第三方模板引擎驱动类</span><br style=\"font-size: 18px; white-space: normal; color: rgb(50, 50, 50); font-family: &#39;Century Gothic&#39;, &#39;Microsoft yahei&#39;; line-height: 28.7999992370605px;\"/><span style=\"color: rgb(50, 50, 50); white-space: normal; font-family: &#39;Century Gothic&#39;, &#39;Microsoft yahei&#39;; line-height: 28.7999992370605px;\">[修正]修正自动加载可能的一处导致重复加载的问题</span><br style=\"font-size: 18px; white-space: normal; color: rgb(50, 50, 50); font-family: &#39;Century Gothic&#39;, &#39;Microsoft yahei&#39;; line-height: 28.7999992370605px;\"/><span style=\"color: rgb(50, 50, 50); white-space: normal; font-family: &#39;Century Gothic&#39;, &#39;Microsoft yahei&#39;; line-height: 28.7999992370605px;\">[修正]修正__CONTROLLER__ 在URL不区分大小写情况下的获取</span><br style=\"font-size: 18px; white-space: normal; color: rgb(50, 50, 50); font-family: &#39;Century Gothic&#39;, &#39;Microsoft yahei&#39;; line-height: 28.7999992370605px;\"/><span style=\"color: rgb(50, 50, 50); white-space: normal; font-family: &#39;Century Gothic&#39;, &#39;Microsoft yahei&#39;; line-height: 28.7999992370605px;\">[修正]修正Route类中请求类型判断错误的bug</span><br style=\"font-size: 18px; white-space: normal; color: rgb(50, 50, 50); font-family: &#39;Century Gothic&#39;, &#39;Microsoft yahei&#39;; line-height: 28.7999992370605px;\"/><span style=\"color: rgb(50, 50, 50); white-space: normal; font-family: &#39;Century Gothic&#39;, &#39;Microsoft yahei&#39;; line-height: 28.7999992370605px;\">[修正]修正mysqli驱动的free方法</span><br style=\"font-size: 18px; white-space: normal; color: rgb(50, 50, 50); font-family: &#39;Century Gothic&#39;, &#39;Microsoft yahei&#39;; line-height: 28.7999992370605px;\"/><br style=\"font-size: 18px; white-space: normal; color: rgb(50, 50, 50); font-family: &#39;Century Gothic&#39;, &#39;Microsoft yahei&#39;; line-height: 28.7999992370605px;\"/><span style=\"color: rgb(50, 50, 50); white-space: normal; font-family: &#39;Century Gothic&#39;, &#39;Microsoft yahei&#39;; line-height: 28.7999992370605px;\">[改进]改进CronRun行为扩展</span><br style=\"font-size: 18px; white-space: normal; color: rgb(50, 50, 50); font-family: &#39;Century Gothic&#39;, &#39;Microsoft yahei&#39;; line-height: 28.7999992370605px;\"/><span style=\"color: rgb(50, 50, 50); white-space: normal; font-family: &#39;Century Gothic&#39;, &#39;Microsoft yahei&#39;; line-height: 28.7999992370605px;\">[改进]TOKEN_NAME 未设置时使用默认值__hash__</span><br style=\"font-size: 18px; white-space: normal; color: rgb(50, 50, 50); font-family: &#39;Century Gothic&#39;, &#39;Microsoft yahei&#39;; line-height: 28.7999992370605px;\"/><span style=\"color: rgb(50, 50, 50); white-space: normal; font-family: &#39;Century Gothic&#39;, &#39;Microsoft yahei&#39;; line-height: 28.7999992370605px;\">[改进]模类的_after_insert回调返回false后直接返回</span><br style=\"font-size: 18px; white-space: normal; color: rgb(50, 50, 50); font-family: &#39;Century Gothic&#39;, &#39;Microsoft yahei&#39;; line-height: 28.7999992370605px;\"/><span style=\"color: rgb(50, 50, 50); white-space: normal; font-family: &#39;Century Gothic&#39;, &#39;Microsoft yahei&#39;; line-height: 28.7999992370605px;\">[改进]Model类的save方法 如果data为空则不执行</span><br style=\"font-size: 18px; white-space: normal; color: rgb(50, 50, 50); font-family: &#39;Century Gothic&#39;, &#39;Microsoft yahei&#39;; line-height: 28.7999992370605px;\"/><span style=\"color: rgb(50, 50, 50); white-space: normal; font-family: &#39;Century Gothic&#39;, &#39;Microsoft yahei&#39;; line-height: 28.7999992370605px;\">[改进]Model类的delete方法 如果条件为空 则不执行删除操作</span><br style=\"font-size: 18px; white-space: normal; color: rgb(50, 50, 50); font-family: &#39;Century Gothic&#39;, &#39;Microsoft yahei&#39;; line-height: 28.7999992370605px;\"/><span style=\"color: rgb(50, 50, 50); white-space: normal; font-family: &#39;Century Gothic&#39;, &#39;Microsoft yahei&#39;; line-height: 28.7999992370605px;\">[改进]改进获取模块方法，支持驼峰法模块命名</span><br style=\"font-size: 18px; white-space: normal; color: rgb(50, 50, 50); font-family: &#39;Century Gothic&#39;, &#39;Microsoft yahei&#39;; line-height: 28.7999992370605px;\"/><span style=\"color: rgb(50, 50, 50); white-space: normal; font-family: &#39;Century Gothic&#39;, &#39;Microsoft yahei&#39;; line-height: 28.7999992370605px;\">[改进]改进模型的查询方法对表前缀的支持，使用当前模型设置的表前缀</span><br style=\"font-size: 18px; white-space: normal; color: rgb(50, 50, 50); font-family: &#39;Century Gothic&#39;, &#39;Microsoft yahei&#39;; line-height: 28.7999992370605px;\"/><span style=\"color: rgb(50, 50, 50); white-space: normal; font-family: &#39;Century Gothic&#39;, &#39;Microsoft yahei&#39;; line-height: 28.7999992370605px;\">[改进]视图模型的视图定义中的_table属性和关联模型中的relation_table 支持 __TABLE_NAME__定义方式&nbsp;</span><br style=\"font-size: 18px; white-space: normal; color: rgb(50, 50, 50); font-family: &#39;Century Gothic&#39;, &#39;Microsoft yahei&#39;; line-height: 28.7999992370605px;\"/><span style=\"color: rgb(50, 50, 50); white-space: normal; font-family: &#39;Century Gothic&#39;, &#39;Microsoft yahei&#39;; line-height: 28.7999992370605px;\">[改进]Model类的query和execute方法支持 __TABLE_NAME__定义方式</span><br style=\"font-size: 18px; white-space: normal; color: rgb(50, 50, 50); font-family: &#39;Century Gothic&#39;, &#39;Microsoft yahei&#39;; line-height: 28.7999992370605px;\"/><span style=\"color: rgb(50, 50, 50); white-space: normal; font-family: &#39;Century Gothic&#39;, &#39;Microsoft yahei&#39;; line-height: 28.7999992370605px;\">[改进]改进PDO驱动对pgsql字符转义的支持</span><br style=\"font-size: 18px; white-space: normal; color: rgb(50, 50, 50); font-family: &#39;Century Gothic&#39;, &#39;Microsoft yahei&#39;; line-height: 28.7999992370605px;\"/><span style=\"color: rgb(50, 50, 50); white-space: normal; font-family: &#39;Century Gothic&#39;, &#39;Microsoft yahei&#39;; line-height: 28.7999992370605px;\">[改进]改进Cookie函数对名称中包含“.”的支持</span><br style=\"font-size: 18px; white-space: normal; color: rgb(50, 50, 50); font-family: &#39;Century Gothic&#39;, &#39;Microsoft yahei&#39;; line-height: 28.7999992370605px;\"/><span style=\"color: rgb(50, 50, 50); white-space: normal; font-family: &#39;Century Gothic&#39;, &#39;Microsoft yahei&#39;; line-height: 28.7999992370605px;\">[改进]改进Sae上传驱动 增加file[&#39;url&#39;]信息存储</span><br style=\"font-size: 18px; white-space: normal; color: rgb(50, 50, 50); font-family: &#39;Century Gothic&#39;, &#39;Microsoft yahei&#39;; line-height: 28.7999992370605px;\"/><span style=\"color: rgb(50, 50, 50); white-space: normal; font-family: &#39;Century Gothic&#39;, &#39;Microsoft yahei&#39;; line-height: 28.7999992370605px;\">[改进]Page类添加默认的listRows值</span><br style=\"font-size: 18px; white-space: normal; color: rgb(50, 50, 50); font-family: &#39;Century Gothic&#39;, &#39;Microsoft yahei&#39;; line-height: 28.7999992370605px;\"/><span style=\"color: rgb(50, 50, 50); white-space: normal; font-family: &#39;Century Gothic&#39;, &#39;Microsoft yahei&#39;; line-height: 28.7999992370605px;\">[改进]改进IS_CGI常量的判断，支持fcgi</span><br style=\"font-size: 18px; white-space: normal; color: rgb(50, 50, 50); font-family: &#39;Century Gothic&#39;, &#39;Microsoft yahei&#39;; line-height: 28.7999992370605px;\"/><span style=\"color: rgb(50, 50, 50); white-space: normal; font-family: &#39;Century Gothic&#39;, &#39;Microsoft yahei&#39;; line-height: 28.7999992370605px;\">[改进]改进Db类的multiConnect方法 避免切换数据库的时候 配置数据被缓存</span><br style=\"font-size: 18px; white-space: normal; color: rgb(50, 50, 50); font-family: &#39;Century Gothic&#39;, &#39;Microsoft yahei&#39;; line-height: 28.7999992370605px;\"/><span style=\"color: rgb(50, 50, 50); white-space: normal; font-family: &#39;Century Gothic&#39;, &#39;Microsoft yahei&#39;; line-height: 28.7999992370605px;\">[改进]改进Db类对传入的参数 如果未设置数据编码，设置默认的编码为utf8</span><br style=\"font-size: 18px; white-space: normal; color: rgb(50, 50, 50); font-family: &#39;Century Gothic&#39;, &#39;Microsoft yahei&#39;; line-height: 28.7999992370605px;\"/><span style=\"color: rgb(50, 50, 50); white-space: normal; font-family: &#39;Century Gothic&#39;, &#39;Microsoft yahei&#39;; line-height: 28.7999992370605px;\">[改进]改进B方法支持对行为和扩展类的调用，需要传入完整的类名</span><br style=\"font-size: 18px; white-space: normal; color: rgb(50, 50, 50); font-family: &#39;Century Gothic&#39;, &#39;Microsoft yahei&#39;; line-height: 28.7999992370605px;\"/><span style=\"color: rgb(50, 50, 50); white-space: normal; font-family: &#39;Century Gothic&#39;, &#39;Microsoft yahei&#39;; line-height: 28.7999992370605px;\">[改进]改进验证码类 添加验证成功后是否重置session的参数 reset 默认为true</span><br style=\"font-size: 18px; white-space: normal; color: rgb(50, 50, 50); font-family: &#39;Century Gothic&#39;, &#39;Microsoft yahei&#39;; line-height: 28.7999992370605px;\"/><span style=\"color: rgb(50, 50, 50); white-space: normal; font-family: &#39;Century Gothic&#39;, &#39;Microsoft yahei&#39;; line-height: 28.7999992370605px;\">[改进]改进session和cookie函数，支持获取全部</span><br style=\"font-size: 18px; white-space: normal; color: rgb(50, 50, 50); font-family: &#39;Century Gothic&#39;, &#39;Microsoft yahei&#39;; line-height: 28.7999992370605px;\"/><span style=\"color: rgb(50, 50, 50); white-space: normal; font-family: &#39;Century Gothic&#39;, &#39;Microsoft yahei&#39;; line-height: 28.7999992370605px;\">[改进]调试模式下，错误的查询条件和非法数据写入会抛异常</span><br style=\"font-size: 18px; white-space: normal; color: rgb(50, 50, 50); font-family: &#39;Century Gothic&#39;, &#39;Microsoft yahei&#39;; line-height: 28.7999992370605px;\"/><span style=\"color: rgb(50, 50, 50); white-space: normal; font-family: &#39;Century Gothic&#39;, &#39;Microsoft yahei&#39;; line-height: 28.7999992370605px;\">[改进]改进Model类的getField方法</span><br style=\"font-size: 18px; white-space: normal; color: rgb(50, 50, 50); font-family: &#39;Century Gothic&#39;, &#39;Microsoft yahei&#39;; line-height: 28.7999992370605px;\"/><br style=\"font-size: 18px; white-space: normal; color: rgb(50, 50, 50); font-family: &#39;Century Gothic&#39;, &#39;Microsoft yahei&#39;; line-height: 28.7999992370605px;\"/><span style=\"color: rgb(50, 50, 50); white-space: normal; font-family: &#39;Century Gothic&#39;, &#39;Microsoft yahei&#39;; line-height: 28.7999992370605px;\">[调整]设置VIEW_PATH后参数后无需再定义模块子目录</span><br style=\"font-size: 18px; white-space: normal; color: rgb(50, 50, 50); font-family: &#39;Century Gothic&#39;, &#39;Microsoft yahei&#39;; line-height: 28.7999992370605px;\"/><span style=\"color: rgb(50, 50, 50); white-space: normal; font-family: &#39;Century Gothic&#39;, &#39;Microsoft yahei&#39;; line-height: 28.7999992370605px;\">[调整]为了避免和函数规则冲突，规则路由排除分隔符改为“-”</span></p>',1416376936),(16,20,10,'topic','what do we talk today?',1416387793),(17,15,10,'topic','what do we talk today?',1416387799),(18,126,12,'REST in ThinkPHP','<h2 style=\"margin: 16px 0px 0px; padding: 0px; font-size: 20px; border-bottom-width: 1px; border-bottom-style: solid; border-bottom-color: rgb(238, 238, 238); color: rgb(64, 64, 64); font-family: 微软雅黑; white-space: normal;\">REST介绍</h2><p style=\"margin-top: 0px; margin-bottom: 0px; padding: 8px 0px; color: rgb(64, 64, 64); font-family: 微软雅黑; font-size: 16px; line-height: 27.2000007629395px; white-space: normal;\">REST(Representational State Transfer表述性状态转移)是一种针对网络应用的设计和开发方式，可以降低开发的复杂性，提高系统的可伸缩性。REST提出了一些设计概念和准则：</p><p style=\"margin-top: 0px; margin-bottom: 0px; padding: 8px 0px; color: rgb(64, 64, 64); font-family: 微软雅黑; font-size: 16px; line-height: 27.2000007629395px; white-space: normal;\">1、网络上的所有事物都被抽象为资源（resource）；</p><p style=\"margin-top: 0px; margin-bottom: 0px; padding: 8px 0px; color: rgb(64, 64, 64); font-family: 微软雅黑; font-size: 16px; line-height: 27.2000007629395px; white-space: normal;\">2、每个资源对应一个唯一的资源标识（resource identifier）；</p><p style=\"margin-top: 0px; margin-bottom: 0px; padding: 8px 0px; color: rgb(64, 64, 64); font-family: 微软雅黑; font-size: 16px; line-height: 27.2000007629395px; white-space: normal;\">3、通过通用的连接器接口（generic connector interface）对资源进行操作；</p><p style=\"margin-top: 0px; margin-bottom: 0px; padding: 8px 0px; color: rgb(64, 64, 64); font-family: 微软雅黑; font-size: 16px; line-height: 27.2000007629395px; white-space: normal;\">4、对资源的各种操作不会改变资源标识；</p><p style=\"margin-top: 0px; margin-bottom: 0px; padding: 8px 0px; color: rgb(64, 64, 64); font-family: 微软雅黑; font-size: 16px; line-height: 27.2000007629395px; white-space: normal;\">5、所有的操作都是无状态的（stateless）。</p><p style=\"margin-top: 0px; margin-bottom: 0px; padding: 8px 0px; color: rgb(64, 64, 64); font-family: 微软雅黑; font-size: 16px; line-height: 27.2000007629395px; white-space: normal;\">需要注意的是，REST是设计风格而不是标准。REST通常基于使用HTTP，URI，和XML以及HTML这些现有的广泛流行的协议和标准。</p><p style=\"margin-top: 0px; margin-bottom: 0px; padding: 8px 0px; color: rgb(64, 64, 64); font-family: 微软雅黑; font-size: 16px; line-height: 27.2000007629395px; white-space: normal;\">传统的请求模式和REST模式的请求模式区别：</p><table style=\"margin-top: 0px; margin-bottom: 0px; padding: 0px; border-collapse: separate; border: 1px solid rgb(221, 221, 221); border-top-left-radius: 3px; border-top-right-radius: 3px; border-bottom-right-radius: 3px; border-bottom-left-radius: 3px; color: rgb(64, 64, 64); font-family: 微软雅黑; line-height: 27.2000007629395px; white-space: normal; background-color: rgb(255, 255, 255);\"><thead><tr style=\"margin: 0px; padding: 0px;\"><th style=\"margin: 0px; padding: 6px; border-width: 0px 0px 1px; border-style: none none solid; border-bottom-color: rgb(221, 221, 221);\">作用</th><th style=\"margin: 0px; padding: 6px; border-width: 0px 0px 1px 1px; border-style: none none solid solid; border-bottom-color: rgb(221, 221, 221); border-left-color: rgb(221, 221, 221);\">传统模式</th><th style=\"margin: 0px; padding: 6px; border-width: 0px 0px 1px 1px; border-style: none none solid solid; border-bottom-color: rgb(221, 221, 221); border-left-color: rgb(221, 221, 221);\">REST模式</th></tr></thead><tbody><tr style=\"margin: 0px; padding: 0px; background-color: rgb(249, 249, 249);\"><td style=\"margin: 0px; padding: 6px; border-right-width: 0px; border-bottom-width: 0px; border-left-width: 0px; border-right-style: none; border-bottom-style: none; border-left-style: none;\">列举出所有的用户</td><td style=\"margin: 0px; padding: 6px; border-right-width: 0px; border-bottom-width: 0px; border-right-style: none; border-bottom-style: none;\">GET /users/list</td><td style=\"margin: 0px; padding: 6px; border-right-width: 0px; border-bottom-width: 0px; border-right-style: none; border-bottom-style: none;\">GET /users</td></tr><tr style=\"margin: 0px; padding: 0px;\"><td style=\"margin: 0px; padding: 6px; border-right-width: 0px; border-bottom-width: 0px; border-left-width: 0px; border-right-style: none; border-bottom-style: none; border-left-style: none;\">列出ID为1的用户信息</td><td style=\"margin: 0px; padding: 6px; border-right-width: 0px; border-bottom-width: 0px; border-right-style: none; border-bottom-style: none;\">GET /users/show/id/1</td><td style=\"margin: 0px; padding: 6px; border-right-width: 0px; border-bottom-width: 0px; border-right-style: none; border-bottom-style: none;\">GET /users/1</td></tr><tr style=\"margin: 0px; padding: 0px; background-color: rgb(249, 249, 249);\"><td style=\"margin: 0px; padding: 6px; border-right-width: 0px; border-bottom-width: 0px; border-left-width: 0px; border-right-style: none; border-bottom-style: none; border-left-style: none;\">插入一个新的用户</td><td style=\"margin: 0px; padding: 6px; border-right-width: 0px; border-bottom-width: 0px; border-right-style: none; border-bottom-style: none;\">POST /users/add</td><td style=\"margin: 0px; padding: 6px; border-right-width: 0px; border-bottom-width: 0px; border-right-style: none; border-bottom-style: none;\">POST /users</td></tr><tr style=\"margin: 0px; padding: 0px;\"><td style=\"margin: 0px; padding: 6px; border-right-width: 0px; border-bottom-width: 0px; border-left-width: 0px; border-right-style: none; border-bottom-style: none; border-left-style: none;\">更新ID为1的用户信息</td><td style=\"margin: 0px; padding: 6px; border-right-width: 0px; border-bottom-width: 0px; border-right-style: none; border-bottom-style: none;\">POST /users/mdy/id/1</td><td style=\"margin: 0px; padding: 6px; border-right-width: 0px; border-bottom-width: 0px; border-right-style: none; border-bottom-style: none;\">PUT /users/1</td></tr><tr style=\"margin: 0px; padding: 0px; background-color: rgb(249, 249, 249);\"><td style=\"margin: 0px; padding: 6px; border-right-width: 0px; border-bottom-width: 0px; border-left-width: 0px; border-right-style: none; border-bottom-style: none; border-left-style: none;\">删除ID为1的用户</td><td style=\"margin: 0px; padding: 6px; border-right-width: 0px; border-bottom-width: 0px; border-right-style: none; border-bottom-style: none;\">POST /users/delete/id/1</td><td style=\"margin: 0px; padding: 6px; border-right-width: 0px; border-bottom-width: 0px; border-right-style: none; border-bottom-style: none;\">DELETE /users/1</td></tr></tbody></table><p style=\"margin-top: 0px; margin-bottom: 0px; padding: 8px 0px; color: rgb(64, 64, 64); font-family: 微软雅黑; font-size: 16px; line-height: 27.2000007629395px; white-space: normal;\"></p><p style=\"margin-top: 0px; margin-bottom: 0px; padding: 8px 0px; color: rgb(64, 64, 64); font-family: 微软雅黑; font-size: 16px; line-height: 27.2000007629395px; white-space: normal;\">关于更多的REST信息，可以参考：<a href=\"http://zh.wikipedia.org/wiki/REST\" style=\"color: rgb(0, 128, 0);\">http://zh.wikipedia.org/wiki/REST</a></p><h2 style=\"margin: 16px 0px 0px; padding: 0px; font-size: 20px; border-bottom-width: 1px; border-bottom-style: solid; border-bottom-color: rgb(238, 238, 238); color: rgb(64, 64, 64); font-family: 微软雅黑; white-space: normal;\">RESTFul支持</h2><p style=\"margin-top: 0px; margin-bottom: 0px; padding: 8px 0px; color: rgb(64, 64, 64); font-family: 微软雅黑; font-size: 16px; line-height: 27.2000007629395px; white-space: normal;\">3.2的RESTFul支持更为灵活，你不需要使用REST模式，只需要把控制器继承Think\\Controller\\RestController即可。 继承RestController控制器后你的访问控制器就可以支持下面的一些功能：</p><ul style=\"margin-right: 0px; margin-bottom: 0px; margin-left: 0px; padding: 0px 0px 0px 20px; list-style: circle; color: rgb(64, 64, 64); font-family: 微软雅黑; line-height: 27.2000007629395px; white-space: normal;\"><li style=\"margin: 0px; padding: 0px;\">支持资源类型自动检测；</li><li style=\"margin: 0px; padding: 0px;\">支持请求类型自动检测；</li><li style=\"margin: 0px; padding: 0px;\">RESTFul方法支持；</li><li style=\"margin: 0px; padding: 0px;\">可以设置允许的请求类型列表；</li><li style=\"margin: 0px; padding: 0px;\">可以设置允许请求和输出的资源类型；</li><li style=\"margin: 0px; padding: 0px;\">可以设置默认请求类型和默认资源类型；</li></ul><p style=\"margin-top: 0px; margin-bottom: 0px; padding: 8px 0px; color: rgb(64, 64, 64); font-family: 微软雅黑; font-size: 16px; line-height: 27.2000007629395px; white-space: normal;\">例如：</p><pre class=\"prettyprint linenums webkit prettyprinted\" style=\"margin-bottom: 0px; padding: 6px; border-width: 1px; border-color: rgb(221, 221, 221); position: relative; font-family: Consolas, &#39;Liberation Mono&#39;, Courier, 微软雅黑; color: rgb(51, 51, 51); border-top-left-radius: 3px; border-top-right-radius: 3px; border-bottom-right-radius: 3px; border-bottom-left-radius: 3px; font-size: 16px; line-height: 27.2000007629395px; background-color: rgb(249, 249, 249);\" data-initialized=\"true\" data-gclp-id=\"0\"><ol class=\"linenums\" style=\"margin-right: 0px; margin-left: 0px; padding: 0px 0px 0px 42px; list-style-position: initial; list-style-image: initial; color: rgb(43, 165, 216);\"><li class=\"L0\" style=\"margin: 0px; padding: 0px; border-left-width: 1px; border-left-style: solid; border-left-color: rgb(221, 221, 221);\"><code style=\"font-family: Consolas, &#39;Liberation Mono&#39;, Courier, 微软雅黑; color: rgb(51, 51, 51); padding-left: 2px; margin: 0px; border-left-width: 1px; border-left-style: solid; border-left-color: rgb(255, 255, 255); height: 27px; vertical-align: top; display: inline-block;\"><span class=\"kwd\" style=\"color: rgb(0, 0, 136);\">namespace</span><span class=\"pln\" style=\"color: rgb(0, 0, 0);\"> </span><span class=\"typ\" style=\"color: rgb(102, 0, 102);\">Home</span><span class=\"pln\" style=\"color: rgb(0, 0, 0);\">\\Controller</span><span class=\"pun\" style=\"color: rgb(102, 102, 0);\">;</span></code></li><li class=\"L1\" style=\"margin: 0px; padding: 0px; border-left-width: 1px; border-left-style: solid; border-left-color: rgb(221, 221, 221);\"><code style=\"font-family: Consolas, &#39;Liberation Mono&#39;, Courier, 微软雅黑; color: rgb(51, 51, 51); padding-left: 2px; margin: 0px; border-left-width: 1px; border-left-style: solid; border-left-color: rgb(255, 255, 255); height: 27px; vertical-align: top; display: inline-block;\"><span class=\"kwd\" style=\"color: rgb(0, 0, 136);\">use</span><span class=\"pln\" style=\"color: rgb(0, 0, 0);\"> </span><span class=\"typ\" style=\"color: rgb(102, 0, 102);\">Think</span><span class=\"pln\" style=\"color: rgb(0, 0, 0);\">\\Controller\\RestController</span><span class=\"pun\" style=\"color: rgb(102, 102, 0);\">;</span></code></li><li class=\"L2\" style=\"margin: 0px; padding: 0px; border-left-width: 1px; border-left-style: solid; border-left-color: rgb(221, 221, 221);\"><code style=\"font-family: Consolas, &#39;Liberation Mono&#39;, Courier, 微软雅黑; color: rgb(51, 51, 51); padding-left: 2px; margin: 0px; border-left-width: 1px; border-left-style: solid; border-left-color: rgb(255, 255, 255); height: 27px; vertical-align: top; display: inline-block;\"><span class=\"kwd\" style=\"color: rgb(0, 0, 136);\">class</span><span class=\"pln\" style=\"color: rgb(0, 0, 0);\"> </span><span class=\"typ\" style=\"color: rgb(102, 0, 102);\">BlogController</span><span class=\"pln\" style=\"color: rgb(0, 0, 0);\"> </span><span class=\"kwd\" style=\"color: rgb(0, 0, 136);\">extends</span><span class=\"pln\" style=\"color: rgb(0, 0, 0);\"> </span><span class=\"typ\" style=\"color: rgb(102, 0, 102);\">RestController</span><span class=\"pun\" style=\"color: rgb(102, 102, 0);\">{</span></code></li><li class=\"L3\" style=\"margin: 0px; padding: 0px; border-left-width: 1px; border-left-style: solid; border-left-color: rgb(221, 221, 221);\"><code style=\"font-family: Consolas, &#39;Liberation Mono&#39;, Courier, 微软雅黑; color: rgb(51, 51, 51); padding-left: 2px; margin: 0px; border-left-width: 1px; border-left-style: solid; border-left-color: rgb(255, 255, 255); height: 27px; vertical-align: top; display: inline-block;\"><span class=\"pun\" style=\"color: rgb(102, 102, 0);\">}</span></code></li></ol></pre><h2 style=\"margin: 16px 0px 0px; padding: 0px; font-size: 20px; border-bottom-width: 1px; border-bottom-style: solid; border-bottom-color: rgb(238, 238, 238); color: rgb(64, 64, 64); font-family: 微软雅黑; white-space: normal;\">REST参数</h2><p style=\"margin-top: 0px; margin-bottom: 0px; padding: 8px 0px; color: rgb(64, 64, 64); font-family: 微软雅黑; font-size: 16px; line-height: 27.2000007629395px; white-space: normal;\">继承了RestController后，你可以在你的控制器里面设置rest相关的属性参数，包括：allowMethod，defaultMethod，allowType，defaultType以及allowOutputType。</p><table style=\"margin-top: 0px; margin-bottom: 0px; padding: 0px; border-collapse: separate; border: 1px solid rgb(221, 221, 221); border-top-left-radius: 3px; border-top-right-radius: 3px; border-bottom-right-radius: 3px; border-bottom-left-radius: 3px; color: rgb(64, 64, 64); font-family: 微软雅黑; line-height: 27.2000007629395px; white-space: normal; background-color: rgb(255, 255, 255);\"><thead><tr style=\"margin: 0px; padding: 0px;\"><th style=\"margin: 0px; padding: 6px; border-width: 0px 0px 1px; border-style: none none solid; border-bottom-color: rgb(221, 221, 221);\">属性名</th><th style=\"margin: 0px; padding: 6px; border-width: 0px 0px 1px 1px; border-style: none none solid solid; border-bottom-color: rgb(221, 221, 221); border-left-color: rgb(221, 221, 221);\">说明</th><th style=\"margin: 0px; padding: 6px; border-width: 0px 0px 1px 1px; border-style: none none solid solid; border-bottom-color: rgb(221, 221, 221); border-left-color: rgb(221, 221, 221);\">默认值</th></tr></thead><tbody><tr style=\"margin: 0px; padding: 0px; background-color: rgb(249, 249, 249);\"><td style=\"margin: 0px; padding: 6px; border-right-width: 0px; border-bottom-width: 0px; border-left-width: 0px; border-right-style: none; border-bottom-style: none; border-left-style: none;\">allowMethod</td><td style=\"margin: 0px; padding: 6px; border-right-width: 0px; border-bottom-width: 0px; border-right-style: none; border-bottom-style: none;\">REST允许的请求类型列表</td><td style=\"margin: 0px; padding: 6px; border-right-width: 0px; border-bottom-width: 0px; border-right-style: none; border-bottom-style: none;\">array(&#39;get&#39;,&#39;post&#39;,&#39;put&#39;,&#39;delete&#39;)</td></tr><tr style=\"margin: 0px; padding: 0px;\"><td style=\"margin: 0px; padding: 6px; border-right-width: 0px; border-bottom-width: 0px; border-left-width: 0px; border-right-style: none; border-bottom-style: none; border-left-style: none;\">defaultMethod</td><td style=\"margin: 0px; padding: 6px; border-right-width: 0px; border-bottom-width: 0px; border-right-style: none; border-bottom-style: none;\">REST默认请求类型</td><td style=\"margin: 0px; padding: 6px; border-right-width: 0px; border-bottom-width: 0px; border-right-style: none; border-bottom-style: none;\">get</td></tr><tr style=\"margin: 0px; padding: 0px; background-color: rgb(249, 249, 249);\"><td style=\"margin: 0px; padding: 6px; border-right-width: 0px; border-bottom-width: 0px; border-left-width: 0px; border-right-style: none; border-bottom-style: none; border-left-style: none;\">allowType</td><td style=\"margin: 0px; padding: 6px; border-right-width: 0px; border-bottom-width: 0px; border-right-style: none; border-bottom-style: none;\">REST允许请求的资源类型列表</td><td style=\"margin: 0px; padding: 6px; border-right-width: 0px; border-bottom-width: 0px; border-right-style: none; border-bottom-style: none;\">array(&#39;html&#39;,&#39;xml&#39;,&#39;json&#39;,&#39;rss&#39;)</td></tr><tr style=\"margin: 0px; padding: 0px;\"><td style=\"margin: 0px; padding: 6px; border-right-width: 0px; border-bottom-width: 0px; border-left-width: 0px; border-right-style: none; border-bottom-style: none; border-left-style: none;\">defaultType</td><td style=\"margin: 0px; padding: 6px; border-right-width: 0px; border-bottom-width: 0px; border-right-style: none; border-bottom-style: none;\">REST默认的资源类型</td><td style=\"margin: 0px; padding: 6px; border-right-width: 0px; border-bottom-width: 0px; border-right-style: none; border-bottom-style: none;\">html</td></tr><tr style=\"margin: 0px; padding: 0px; background-color: rgb(249, 249, 249);\"><td style=\"margin: 0px; padding: 6px; border-right-width: 0px; border-bottom-width: 0px; border-left-width: 0px; border-right-style: none; border-bottom-style: none; border-left-style: none;\">allowOutputType</td><td style=\"margin: 0px; padding: 6px; border-right-width: 0px; border-bottom-width: 0px; border-right-style: none; border-bottom-style: none;\">REST允许输出的资源类型列表</td><td style=\"margin: 0px; padding: 6px; border-right-width: 0px; border-bottom-width: 0px; border-right-style: none; border-bottom-style: none;\">array( &#39;xml&#39; =&gt; &#39;application/xml&#39;, &#39;json&#39; =&gt; &#39;application/json&#39;,&#39;html&#39; =&gt; &#39;text/html&#39;,)</td></tr></tbody></table><h2 style=\"margin: 16px 0px 0px; padding: 0px; font-size: 20px; border-bottom-width: 1px; border-bottom-style: solid; border-bottom-color: rgb(238, 238, 238); color: rgb(64, 64, 64); font-family: 微软雅黑; white-space: normal;\">REST方法</h2><p style=\"margin-top: 0px; margin-bottom: 0px; padding: 8px 0px; color: rgb(64, 64, 64); font-family: 微软雅黑; font-size: 16px; line-height: 27.2000007629395px; white-space: normal;\">RESTFul方法的操作方法定义主要区别在于，需要对请求类型和资源类型进行判断，大多数情况下，通过路由定义可以把操作方法绑定到某个请求类型和资源类型。如果你没有定义路由的话，需要自己在操作方法里面添加判断代码，示例：</p><pre class=\"prettyprint linenums webkit prettyprinted\" style=\"margin-bottom: 0px; padding: 6px; border-width: 1px; border-color: rgb(221, 221, 221); position: relative; font-family: Consolas, &#39;Liberation Mono&#39;, Courier, 微软雅黑; color: rgb(51, 51, 51); border-top-left-radius: 3px; border-top-right-radius: 3px; border-bottom-right-radius: 3px; border-bottom-left-radius: 3px; font-size: 16px; line-height: 27.2000007629395px; background-color: rgb(249, 249, 249);\" data-initialized=\"true\" data-gclp-id=\"1\"><ol class=\"linenums\" style=\"margin-right: 0px; margin-left: 0px; padding: 0px 0px 0px 42px; list-style-position: initial; list-style-image: initial; color: rgb(43, 165, 216);\"><li class=\"L0\" style=\"margin: 0px; padding: 0px; border-left-width: 1px; border-left-style: solid; border-left-color: rgb(221, 221, 221);\"><code style=\"font-family: Consolas, &#39;Liberation Mono&#39;, Courier, 微软雅黑; color: rgb(51, 51, 51); padding-left: 2px; margin: 0px; border-left-width: 1px; border-left-style: solid; border-left-color: rgb(255, 255, 255); height: 27px; vertical-align: top; display: inline-block;\"><span class=\"kwd\" style=\"color: rgb(0, 0, 136);\">namespace</span><span class=\"pln\" style=\"color: rgb(0, 0, 0);\"> </span><span class=\"typ\" style=\"color: rgb(102, 0, 102);\">Home</span><span class=\"pln\" style=\"color: rgb(0, 0, 0);\">\\Controller</span><span class=\"pun\" style=\"color: rgb(102, 102, 0);\">;</span></code></li><li class=\"L1\" style=\"margin: 0px; padding: 0px; border-left-width: 1px; border-left-style: solid; border-left-color: rgb(221, 221, 221);\"><code style=\"font-family: Consolas, &#39;Liberation Mono&#39;, Courier, 微软雅黑; color: rgb(51, 51, 51); padding-left: 2px; margin: 0px; border-left-width: 1px; border-left-style: solid; border-left-color: rgb(255, 255, 255); height: 27px; vertical-align: top; display: inline-block;\"><span class=\"kwd\" style=\"color: rgb(0, 0, 136);\">use</span><span class=\"pln\" style=\"color: rgb(0, 0, 0);\"> </span><span class=\"typ\" style=\"color: rgb(102, 0, 102);\">Think</span><span class=\"pln\" style=\"color: rgb(0, 0, 0);\">\\Controller\\RestController</span><span class=\"pun\" style=\"color: rgb(102, 102, 0);\">;</span></code></li><li class=\"L2\" style=\"margin: 0px; padding: 0px; border-left-width: 1px; border-left-style: solid; border-left-color: rgb(221, 221, 221);\"><code style=\"font-family: Consolas, &#39;Liberation Mono&#39;, Courier, 微软雅黑; color: rgb(51, 51, 51); padding-left: 2px; margin: 0px; border-left-width: 1px; border-left-style: solid; border-left-color: rgb(255, 255, 255); height: 27px; vertical-align: top; display: inline-block;\"><span class=\"typ\" style=\"color: rgb(102, 0, 102);\">Class</span><span class=\"pln\" style=\"color: rgb(0, 0, 0);\"> </span><span class=\"typ\" style=\"color: rgb(102, 0, 102);\">InfoController</span><span class=\"pln\" style=\"color: rgb(0, 0, 0);\"> </span><span class=\"kwd\" style=\"color: rgb(0, 0, 136);\">extends</span><span class=\"pln\" style=\"color: rgb(0, 0, 0);\"> </span><span class=\"typ\" style=\"color: rgb(102, 0, 102);\">RestController</span><span class=\"pln\" style=\"color: rgb(0, 0, 0);\"> </span><span class=\"pun\" style=\"color: rgb(102, 102, 0);\">{</span></code></li><li class=\"L3\" style=\"margin: 0px; padding: 0px; border-left-width: 1px; border-left-style: solid; border-left-color: rgb(221, 221, 221);\"><code style=\"font-family: Consolas, &#39;Liberation Mono&#39;, Courier, 微软雅黑; color: rgb(51, 51, 51); padding-left: 2px; margin: 0px; border-left-width: 1px; border-left-style: solid; border-left-color: rgb(255, 255, 255); height: 27px; vertical-align: top; display: inline-block;\"><span class=\"pln\" style=\"color: rgb(0, 0, 0);\"> &nbsp; </span><span class=\"typ\" style=\"color: rgb(102, 0, 102);\">Public</span><span class=\"pln\" style=\"color: rgb(0, 0, 0);\"> </span><span class=\"kwd\" style=\"color: rgb(0, 0, 136);\">function</span><span class=\"pln\" style=\"color: rgb(0, 0, 0);\"> rest</span><span class=\"pun\" style=\"color: rgb(102, 102, 0);\">()</span><span class=\"pln\" style=\"color: rgb(0, 0, 0);\"> </span><span class=\"pun\" style=\"color: rgb(102, 102, 0);\">{</span></code></li><li class=\"L4\" style=\"margin: 0px; padding: 0px; border-left-width: 1px; border-left-style: solid; border-left-color: rgb(221, 221, 221);\"><code style=\"font-family: Consolas, &#39;Liberation Mono&#39;, Courier, 微软雅黑; color: rgb(51, 51, 51); padding-left: 2px; margin: 0px; border-left-width: 1px; border-left-style: solid; border-left-color: rgb(255, 255, 255); height: 27px; vertical-align: top; display: inline-block;\"><span class=\"pln\" style=\"color: rgb(0, 0, 0);\"> &nbsp; &nbsp; </span><span class=\"kwd\" style=\"color: rgb(0, 0, 136);\">switch</span><span class=\"pln\" style=\"color: rgb(0, 0, 0);\"> </span><span class=\"pun\" style=\"color: rgb(102, 102, 0);\">(</span><span class=\"pln\" style=\"color: rgb(0, 0, 0);\">$this</span><span class=\"pun\" style=\"color: rgb(102, 102, 0);\">-&gt;</span><span class=\"pln\" style=\"color: rgb(0, 0, 0);\">_method</span><span class=\"pun\" style=\"color: rgb(102, 102, 0);\">){</span></code></li><li class=\"L5\" style=\"margin: 0px; padding: 0px; border-left-width: 1px; border-left-style: solid; border-left-color: rgb(221, 221, 221);\"><code style=\"font-family: Consolas, &#39;Liberation Mono&#39;, Courier, 微软雅黑; color: rgb(51, 51, 51); padding-left: 2px; margin: 0px; border-left-width: 1px; border-left-style: solid; border-left-color: rgb(255, 255, 255); height: 27px; vertical-align: top; display: inline-block;\"><span class=\"pln\" style=\"color: rgb(0, 0, 0);\"> &nbsp; &nbsp; &nbsp;</span><span class=\"kwd\" style=\"color: rgb(0, 0, 136);\">case</span><span class=\"pln\" style=\"color: rgb(0, 0, 0);\"> </span><span class=\"str\" style=\"color: rgb(0, 136, 0);\">&#39;get&#39;</span><span class=\"pun\" style=\"color: rgb(102, 102, 0);\">:</span><span class=\"pln\" style=\"color: rgb(0, 0, 0);\"> </span><span class=\"com\" style=\"color: rgb(136, 0, 0);\">// get请求处理代码</span></code></li><li class=\"L6\" style=\"margin: 0px; padding: 0px; border-left-width: 1px; border-left-style: solid; border-left-color: rgb(221, 221, 221);\"><code style=\"font-family: Consolas, &#39;Liberation Mono&#39;, Courier, 微软雅黑; color: rgb(51, 51, 51); padding-left: 2px; margin: 0px; border-left-width: 1px; border-left-style: solid; border-left-color: rgb(255, 255, 255); height: 27px; vertical-align: top; display: inline-block;\"><span class=\"pln\" style=\"color: rgb(0, 0, 0);\"> &nbsp; &nbsp; &nbsp; &nbsp; &nbsp; </span><span class=\"kwd\" style=\"color: rgb(0, 0, 136);\">if</span><span class=\"pln\" style=\"color: rgb(0, 0, 0);\"> </span><span class=\"pun\" style=\"color: rgb(102, 102, 0);\">(</span><span class=\"pln\" style=\"color: rgb(0, 0, 0);\">$this</span><span class=\"pun\" style=\"color: rgb(102, 102, 0);\">-&gt;</span><span class=\"pln\" style=\"color: rgb(0, 0, 0);\">_type </span><span class=\"pun\" style=\"color: rgb(102, 102, 0);\">==</span><span class=\"pln\" style=\"color: rgb(0, 0, 0);\"> </span><span class=\"str\" style=\"color: rgb(0, 136, 0);\">&#39;html&#39;</span><span class=\"pun\" style=\"color: rgb(102, 102, 0);\">){</span></code></li><li class=\"L7\" style=\"margin: 0px; padding: 0px; border-left-width: 1px; border-left-style: solid; border-left-color: rgb(221, 221, 221);\"><code style=\"font-family: Consolas, &#39;Liberation Mono&#39;, Courier, 微软雅黑; color: rgb(51, 51, 51); padding-left: 2px; margin: 0px; border-left-width: 1px; border-left-style: solid; border-left-color: rgb(255, 255, 255); height: 27px; vertical-align: top; display: inline-block;\"><span class=\"pln\" style=\"color: rgb(0, 0, 0);\"> &nbsp; &nbsp; &nbsp; &nbsp; &nbsp; </span><span class=\"pun\" style=\"color: rgb(102, 102, 0);\">}</span><span class=\"pln\" style=\"color: rgb(0, 0, 0);\">elseif</span><span class=\"pun\" style=\"color: rgb(102, 102, 0);\">(</span><span class=\"pln\" style=\"color: rgb(0, 0, 0);\">$this</span><span class=\"pun\" style=\"color: rgb(102, 102, 0);\">-&gt;</span><span class=\"pln\" style=\"color: rgb(0, 0, 0);\">_type </span><span class=\"pun\" style=\"color: rgb(102, 102, 0);\">==</span><span class=\"pln\" style=\"color: rgb(0, 0, 0);\"> </span><span class=\"str\" style=\"color: rgb(0, 136, 0);\">&#39;xml&#39;</span><span class=\"pun\" style=\"color: rgb(102, 102, 0);\">){</span></code></li><li class=\"L8\" style=\"margin: 0px; padding: 0px; border-left-width: 1px; border-left-style: solid; border-left-color: rgb(221, 221, 221);\"><code style=\"font-family: Consolas, &#39;Liberation Mono&#39;, Courier, 微软雅黑; color: rgb(51, 51, 51); padding-left: 2px; margin: 0px; border-left-width: 1px; border-left-style: solid; border-left-color: rgb(255, 255, 255); height: 27px; vertical-align: top; display: inline-block;\"><span class=\"pln\" style=\"color: rgb(0, 0, 0);\"> &nbsp; &nbsp; &nbsp; &nbsp; &nbsp; </span><span class=\"pun\" style=\"color: rgb(102, 102, 0);\">}</span></code></li><li class=\"L9\" style=\"margin: 0px; padding: 0px; border-left-width: 1px; border-left-style: solid; border-left-color: rgb(221, 221, 221);\"><code style=\"font-family: Consolas, &#39;Liberation Mono&#39;, Courier, 微软雅黑; color: rgb(51, 51, 51); padding-left: 2px; margin: 0px; border-left-width: 1px; border-left-style: solid; border-left-color: rgb(255, 255, 255); height: 27px; vertical-align: top; display: inline-block;\"><span class=\"pln\" style=\"color: rgb(0, 0, 0);\"> &nbsp; &nbsp; &nbsp; &nbsp; &nbsp; </span><span class=\"kwd\" style=\"color: rgb(0, 0, 136);\">break</span><span class=\"pun\" style=\"color: rgb(102, 102, 0);\">;</span></code></li><li class=\"L0\" style=\"margin: 0px; padding: 0px; border-left-width: 1px; border-left-style: solid; border-left-color: rgb(221, 221, 221);\"><code style=\"font-family: Consolas, &#39;Liberation Mono&#39;, Courier, 微软雅黑; color: rgb(51, 51, 51); padding-left: 2px; margin: 0px; border-left-width: 1px; border-left-style: solid; border-left-color: rgb(255, 255, 255); height: 27px; vertical-align: top; display: inline-block;\"><span class=\"pln\" style=\"color: rgb(0, 0, 0);\"> &nbsp; &nbsp; &nbsp;</span><span class=\"kwd\" style=\"color: rgb(0, 0, 136);\">case</span><span class=\"pln\" style=\"color: rgb(0, 0, 0);\"> </span><span class=\"str\" style=\"color: rgb(0, 136, 0);\">&#39;put&#39;</span><span class=\"pun\" style=\"color: rgb(102, 102, 0);\">:</span><span class=\"pln\" style=\"color: rgb(0, 0, 0);\"> </span><span class=\"com\" style=\"color: rgb(136, 0, 0);\">// put请求处理代码</span></code></li><li class=\"L1\" style=\"margin: 0px; padding: 0px; border-left-width: 1px; border-left-style: solid; border-left-color: rgb(221, 221, 221);\"><code style=\"font-family: Consolas, &#39;Liberation Mono&#39;, Courier, 微软雅黑; color: rgb(51, 51, 51); padding-left: 2px; margin: 0px; border-left-width: 1px; border-left-style: solid; border-left-color: rgb(255, 255, 255); height: 27px; vertical-align: top; display: inline-block;\"><span class=\"pln\" style=\"color: rgb(0, 0, 0);\"> &nbsp; &nbsp; &nbsp; &nbsp; &nbsp; </span><span class=\"kwd\" style=\"color: rgb(0, 0, 136);\">break</span><span class=\"pun\" style=\"color: rgb(102, 102, 0);\">;</span></code></li><li class=\"L2\" style=\"margin: 0px; padding: 0px; border-left-width: 1px; border-left-style: solid; border-left-color: rgb(221, 221, 221);\"><code style=\"font-family: Consolas, &#39;Liberation Mono&#39;, Courier, 微软雅黑; color: rgb(51, 51, 51); padding-left: 2px; margin: 0px; border-left-width: 1px; border-left-style: solid; border-left-color: rgb(255, 255, 255); height: 27px; vertical-align: top; display: inline-block;\"><span class=\"pln\" style=\"color: rgb(0, 0, 0);\"> &nbsp; &nbsp; &nbsp;</span><span class=\"kwd\" style=\"color: rgb(0, 0, 136);\">case</span><span class=\"pln\" style=\"color: rgb(0, 0, 0);\"> </span><span class=\"str\" style=\"color: rgb(0, 136, 0);\">&#39;post&#39;</span><span class=\"pun\" style=\"color: rgb(102, 102, 0);\">:</span><span class=\"pln\" style=\"color: rgb(0, 0, 0);\"> </span><span class=\"com\" style=\"color: rgb(136, 0, 0);\">// post请求处理代码</span></code></li><li class=\"L3\" style=\"margin: 0px; padding: 0px; border-left-width: 1px; border-left-style: solid; border-left-color: rgb(221, 221, 221);\"><code style=\"font-family: Consolas, &#39;Liberation Mono&#39;, Courier, 微软雅黑; color: rgb(51, 51, 51); padding-left: 2px; margin: 0px; border-left-width: 1px; border-left-style: solid; border-left-color: rgb(255, 255, 255); height: 27px; vertical-align: top; display: inline-block;\"><span class=\"pln\" style=\"color: rgb(0, 0, 0);\"> &nbsp; &nbsp; &nbsp; &nbsp; &nbsp; </span><span class=\"kwd\" style=\"color: rgb(0, 0, 136);\">break</span><span class=\"pun\" style=\"color: rgb(102, 102, 0);\">;</span></code></li><li class=\"L4\" style=\"margin: 0px; padding: 0px; border-left-width: 1px; border-left-style: solid; border-left-color: rgb(221, 221, 221);\"><code style=\"font-family: Consolas, &#39;Liberation Mono&#39;, Courier, 微软雅黑; color: rgb(51, 51, 51); padding-left: 2px; margin: 0px; border-left-width: 1px; border-left-style: solid; border-left-color: rgb(255, 255, 255); height: 27px; vertical-align: top; display: inline-block;\"><span class=\"pln\" style=\"color: rgb(0, 0, 0);\"> &nbsp; &nbsp; </span><span class=\"pun\" style=\"color: rgb(102, 102, 0);\">}</span></code></li><li class=\"L5\" style=\"margin: 0px; padding: 0px; border-left-width: 1px; border-left-style: solid; border-left-color: rgb(221, 221, 221);\"><code style=\"font-family: Consolas, &#39;Liberation Mono&#39;, Courier, 微软雅黑; color: rgb(51, 51, 51); padding-left: 2px; margin: 0px; border-left-width: 1px; border-left-style: solid; border-left-color: rgb(255, 255, 255); height: 27px; vertical-align: top; display: inline-block;\"><span class=\"pln\" style=\"color: rgb(0, 0, 0);\"> &nbsp; </span><span class=\"pun\" style=\"color: rgb(102, 102, 0);\">}</span></code></li><li class=\"L6\" style=\"margin: 0px; padding: 0px; border-left-width: 1px; border-left-style: solid; border-left-color: rgb(221, 221, 221);\"><code style=\"font-family: Consolas, &#39;Liberation Mono&#39;, Courier, 微软雅黑; color: rgb(51, 51, 51); padding-left: 2px; margin: 0px; border-left-width: 1px; border-left-style: solid; border-left-color: rgb(255, 255, 255); height: 27px; vertical-align: top; display: inline-block;\"><span class=\"pln\" style=\"color: rgb(0, 0, 0);\"> </span><span class=\"pun\" style=\"color: rgb(102, 102, 0);\">}</span></code></li></ol></pre><blockquote style=\"margin-top: 8px; margin-bottom: 8px; padding-top: 8px; padding-right: 16px; padding-bottom: 8px; border-left-width: 5px; border-left-color: rgb(208, 227, 240); color: rgb(3, 130, 173); font-family: 微软雅黑; font-size: 16px; line-height: 27.2000007629395px; white-space: normal; background-color: rgb(240, 247, 253);\"><p style=\"margin-top: 0px; margin-bottom: 0px; padding: 8px 0px;\">在Rest操作方法中，可以使用$this-&gt;_type获取当前访问的资源类型，用$this-&gt;_method获取当前的请求类型。</p></blockquote><p style=\"margin-top: 0px; margin-bottom: 0px; padding: 8px 0px; color: rgb(64, 64, 64); font-family: 微软雅黑; font-size: 16px; line-height: 27.2000007629395px; white-space: normal;\">REST控制器类还提供了response方法用于REST输出： 用法如下：</p><pre class=\"prettyprint linenums webkit prettyprinted\" style=\"margin-bottom: 0px; padding: 6px; border-width: 1px; border-color: rgb(221, 221, 221); position: relative; font-family: Consolas, &#39;Liberation Mono&#39;, Courier, 微软雅黑; color: rgb(51, 51, 51); border-top-left-radius: 3px; border-top-right-radius: 3px; border-bottom-right-radius: 3px; border-bottom-left-radius: 3px; font-size: 16px; line-height: 27.2000007629395px; background-color: rgb(249, 249, 249);\" data-initialized=\"true\" data-gclp-id=\"2\"><ol class=\"linenums\" style=\"margin-right: 0px; margin-left: 0px; padding: 0px 0px 0px 42px; list-style-position: initial; list-style-image: initial; color: rgb(43, 165, 216);\"><li class=\"L0\" style=\"margin: 0px; padding: 0px; border-left-width: 1px; border-left-style: solid; border-left-color: rgb(221, 221, 221);\"><code style=\"font-family: Consolas, &#39;Liberation Mono&#39;, Courier, 微软雅黑; color: rgb(51, 51, 51); padding-left: 2px; margin: 0px; border-left-width: 1px; border-left-style: solid; border-left-color: rgb(255, 255, 255); height: 27px; vertical-align: top; display: inline-block;\"><span class=\"pln\" style=\"color: rgb(0, 0, 0);\">$this</span><span class=\"pun\" style=\"color: rgb(102, 102, 0);\">-&gt;</span><span class=\"pln\" style=\"color: rgb(0, 0, 0);\">response</span><span class=\"pun\" style=\"color: rgb(102, 102, 0);\">(</span><span class=\"pln\" style=\"color: rgb(0, 0, 0);\">$data</span><span class=\"pun\" style=\"color: rgb(102, 102, 0);\">,</span><span class=\"str\" style=\"color: rgb(0, 136, 0);\">&#39;json&#39;</span><span class=\"pun\" style=\"color: rgb(102, 102, 0);\">);</span></code></li></ol></pre><p style=\"margin-top: 0px; margin-bottom: 0px; padding: 8px 0px; color: rgb(64, 64, 64); font-family: 微软雅黑; font-size: 16px; line-height: 27.2000007629395px; white-space: normal;\">Response方法会自动对data数据进行输出类型编码，目前支持的包括<code style=\"font-family: Consolas, &#39;Liberation Mono&#39;, Courier, 微软雅黑; padding-right: 4px; padding-left: 4px; margin: 0px 2px; white-space: nowrap; border-top-left-radius: 3px; border-top-right-radius: 3px; border-bottom-right-radius: 3px; border-bottom-left-radius: 3px;\">xml/json/html</code>。</p><p style=\"margin-top: 0px; margin-bottom: 0px; padding: 8px 0px; color: rgb(64, 64, 64); font-family: 微软雅黑; font-size: 16px; line-height: 27.2000007629395px; white-space: normal;\">除了普通方式定义Restful操作方法外，系统还支持另外一种自动调用方式，就是根据当前请求类型和资源类型自动调用相关操作方法。系统的自动调用规则是：</p><table style=\"margin-top: 0px; margin-bottom: 0px; padding: 0px; border-collapse: separate; border: 1px solid rgb(221, 221, 221); border-top-left-radius: 3px; border-top-right-radius: 3px; border-bottom-right-radius: 3px; border-bottom-left-radius: 3px; color: rgb(64, 64, 64); font-family: 微软雅黑; line-height: 27.2000007629395px; white-space: normal; background-color: rgb(255, 255, 255);\"><thead><tr style=\"margin: 0px; padding: 0px;\"><th style=\"margin: 0px; padding: 6px; border-width: 0px 0px 1px; border-style: none none solid; border-bottom-color: rgb(221, 221, 221);\">定义规范</th><th style=\"margin: 0px; padding: 6px; border-width: 0px 0px 1px 1px; border-style: none none solid solid; border-bottom-color: rgb(221, 221, 221); border-left-color: rgb(221, 221, 221);\">说明</th></tr></thead><tbody><tr style=\"margin: 0px; padding: 0px; background-color: rgb(249, 249, 249);\"><td style=\"margin: 0px; padding: 6px; border-right-width: 0px; border-bottom-width: 0px; border-left-width: 0px; border-right-style: none; border-bottom-style: none; border-left-style: none;\">操作名<em>提交类型</em>资源后缀</td><td style=\"margin: 0px; padding: 6px; border-right-width: 0px; border-bottom-width: 0px; border-right-style: none; border-bottom-style: none;\">标准的Restful方法定义，例如 read_get_pdf</td></tr><tr style=\"margin: 0px; padding: 0px;\"><td style=\"margin: 0px; padding: 6px; border-right-width: 0px; border-bottom-width: 0px; border-left-width: 0px; border-right-style: none; border-bottom-style: none; border-left-style: none;\">操作名_资源后缀</td><td style=\"margin: 0px; padding: 6px; border-right-width: 0px; border-bottom-width: 0px; border-right-style: none; border-bottom-style: none;\">当前提交类型和defaultMethod属性相同的时候，例如read_pdf</td></tr><tr style=\"margin: 0px; padding: 0px; background-color: rgb(249, 249, 249);\"><td style=\"margin: 0px; padding: 6px; border-right-width: 0px; border-bottom-width: 0px; border-left-width: 0px; border-right-style: none; border-bottom-style: none; border-left-style: none;\">操作名_提交类型</td><td style=\"margin: 0px; padding: 6px; border-right-width: 0px; border-bottom-width: 0px; border-right-style: none; border-bottom-style: none;\">当前资源后缀和defaultType属性相同的时候，例如read_post</td></tr></tbody></table><p style=\"margin-top: 0px; margin-bottom: 0px; padding: 8px 0px; color: rgb(64, 64, 64); font-family: 微软雅黑; font-size: 16px; line-height: 27.2000007629395px; white-space: normal;\">要使用这种方式的前提就是不能为当前操作定义方法，这样在空操作的检查之前系统会首先按照上面的定义规范顺序检查是否存在方法定义，如果检测到相关的restful方法则不再检查后面的方法规范，例如我们定义了InfoController如下：</p><pre class=\"prettyprint linenums webkit prettyprinted\" style=\"margin-bottom: 0px; padding: 6px; border-width: 1px; border-color: rgb(221, 221, 221); position: relative; font-family: Consolas, &#39;Liberation Mono&#39;, Courier, 微软雅黑; color: rgb(51, 51, 51); border-top-left-radius: 3px; border-top-right-radius: 3px; border-bottom-right-radius: 3px; border-bottom-left-radius: 3px; font-size: 16px; line-height: 27.2000007629395px; background-color: rgb(249, 249, 249);\" data-initialized=\"true\" data-gclp-id=\"3\"><ol class=\"linenums\" style=\"margin-right: 0px; margin-left: 0px; padding: 0px 0px 0px 42px; list-style-position: initial; list-style-image: initial; color: rgb(43, 165, 216);\"><li class=\"L0\" style=\"margin: 0px; padding: 0px; border-left-width: 1px; border-left-style: solid; border-left-color: rgb(221, 221, 221);\"><code style=\"font-family: Consolas, &#39;Liberation Mono&#39;, Courier, 微软雅黑; color: rgb(51, 51, 51); padding-left: 2px; margin: 0px; border-left-width: 1px; border-left-style: solid; border-left-color: rgb(255, 255, 255); height: 27px; vertical-align: top; display: inline-block;\"><span class=\"kwd\" style=\"color: rgb(0, 0, 136);\">namespace</span><span class=\"pln\" style=\"color: rgb(0, 0, 0);\"> </span><span class=\"typ\" style=\"color: rgb(102, 0, 102);\">Home</span><span class=\"pln\" style=\"color: rgb(0, 0, 0);\">\\Controller</span><span class=\"pun\" style=\"color: rgb(102, 102, 0);\">;</span></code></li><li class=\"L1\" style=\"margin: 0px; padding: 0px; border-left-width: 1px; border-left-style: solid; border-left-color: rgb(221, 221, 221);\"><code style=\"font-family: Consolas, &#39;Liberation Mono&#39;, Courier, 微软雅黑; color: rgb(51, 51, 51); padding-left: 2px; margin: 0px; border-left-width: 1px; border-left-style: solid; border-left-color: rgb(255, 255, 255); height: 27px; vertical-align: top; display: inline-block;\"><span class=\"kwd\" style=\"color: rgb(0, 0, 136);\">use</span><span class=\"pln\" style=\"color: rgb(0, 0, 0);\"> </span><span class=\"typ\" style=\"color: rgb(102, 0, 102);\">Think</span><span class=\"pln\" style=\"color: rgb(0, 0, 0);\">\\Controller\\RestController</span><span class=\"pun\" style=\"color: rgb(102, 102, 0);\">;</span></code></li><li class=\"L2\" style=\"margin: 0px; padding: 0px; border-left-width: 1px; border-left-style: solid; border-left-color: rgb(221, 221, 221);\"><code style=\"font-family: Consolas, &#39;Liberation Mono&#39;, Courier, 微软雅黑; color: rgb(51, 51, 51); padding-left: 2px; margin: 0px; border-left-width: 1px; border-left-style: solid; border-left-color: rgb(255, 255, 255); height: 27px; vertical-align: top; display: inline-block;\"><span class=\"typ\" style=\"color: rgb(102, 0, 102);\">Class</span><span class=\"pln\" style=\"color: rgb(0, 0, 0);\"> </span><span class=\"typ\" style=\"color: rgb(102, 0, 102);\">InfoController</span><span class=\"pln\" style=\"color: rgb(0, 0, 0);\"> </span><span class=\"kwd\" style=\"color: rgb(0, 0, 136);\">extends</span><span class=\"pln\" style=\"color: rgb(0, 0, 0);\"> </span><span class=\"typ\" style=\"color: rgb(102, 0, 102);\">RestController</span><span class=\"pln\" style=\"color: rgb(0, 0, 0);\"> </span><span class=\"pun\" style=\"color: rgb(102, 102, 0);\">{</span></code></li><li class=\"L3\" style=\"margin: 0px; padding: 0px; border-left-width: 1px; border-left-style: solid; border-left-color: rgb(221, 221, 221);\"><code style=\"font-family: Consolas, &#39;Liberation Mono&#39;, Courier, 微软雅黑; color: rgb(51, 51, 51); padding-left: 2px; margin: 0px; border-left-width: 1px; border-left-style: solid; border-left-color: rgb(255, 255, 255); height: 27px; vertical-align: top; display: inline-block;\"><span class=\"pln\" style=\"color: rgb(0, 0, 0);\"> &nbsp; &nbsp;</span><span class=\"kwd\" style=\"color: rgb(0, 0, 136);\">protected</span><span class=\"pln\" style=\"color: rgb(0, 0, 0);\"> $allowMethod &nbsp; &nbsp;</span><span class=\"pun\" style=\"color: rgb(102, 102, 0);\">=</span><span class=\"pln\" style=\"color: rgb(0, 0, 0);\"> array</span><span class=\"pun\" style=\"color: rgb(102, 102, 0);\">(</span><span class=\"str\" style=\"color: rgb(0, 136, 0);\">&#39;get&#39;</span><span class=\"pun\" style=\"color: rgb(102, 102, 0);\">,</span><span class=\"str\" style=\"color: rgb(0, 136, 0);\">&#39;post&#39;</span><span class=\"pun\" style=\"color: rgb(102, 102, 0);\">,</span><span class=\"str\" style=\"color: rgb(0, 136, 0);\">&#39;put&#39;</span><span class=\"pun\" style=\"color: rgb(102, 102, 0);\">),</span><span class=\"pln\" style=\"color: rgb(0, 0, 0);\"> </span><span class=\"com\" style=\"color: rgb(136, 0, 0);\">// REST允许的请求类型列表</span></code></li><li class=\"L4\" style=\"margin: 0px; padding: 0px; border-left-width: 1px; border-left-style: solid; border-left-color: rgb(221, 221, 221);\"><code style=\"font-family: Consolas, &#39;Liberation Mono&#39;, Courier, 微软雅黑; color: rgb(51, 51, 51); padding-left: 2px; margin: 0px; border-left-width: 1px; border-left-style: solid; border-left-color: rgb(255, 255, 255); height: 27px; vertical-align: top; display: inline-block;\"><span class=\"pln\" style=\"color: rgb(0, 0, 0);\"> &nbsp; &nbsp;</span><span class=\"kwd\" style=\"color: rgb(0, 0, 136);\">protected</span><span class=\"pln\" style=\"color: rgb(0, 0, 0);\"> $allowType &nbsp; &nbsp; &nbsp;</span><span class=\"pun\" style=\"color: rgb(102, 102, 0);\">=</span><span class=\"pln\" style=\"color: rgb(0, 0, 0);\"> array</span><span class=\"pun\" style=\"color: rgb(102, 102, 0);\">(</span><span class=\"str\" style=\"color: rgb(0, 136, 0);\">&#39;html&#39;</span><span class=\"pun\" style=\"color: rgb(102, 102, 0);\">,</span><span class=\"str\" style=\"color: rgb(0, 136, 0);\">&#39;xml&#39;</span><span class=\"pun\" style=\"color: rgb(102, 102, 0);\">,</span><span class=\"str\" style=\"color: rgb(0, 136, 0);\">&#39;json&#39;</span><span class=\"pun\" style=\"color: rgb(102, 102, 0);\">),</span><span class=\"pln\" style=\"color: rgb(0, 0, 0);\"> </span><span class=\"com\" style=\"color: rgb(136, 0, 0);\">// REST允许请求的资源类型列表</span></code></li><li class=\"L5\" style=\"margin: 0px; padding: 0px; border-left-width: 1px; border-left-style: solid; border-left-color: rgb(221, 221, 221);\"><code style=\"font-family: Consolas, &#39;Liberation Mono&#39;, Courier, 微软雅黑; color: rgb(51, 51, 51); padding-left: 2px; margin: 0px; border-left-width: 1px; border-left-style: solid; border-left-color: rgb(255, 255, 255); height: 0px; vertical-align: top; display: inline-block;\"></code></li><li class=\"L6\" style=\"margin: 0px; padding: 0px; border-left-width: 1px; border-left-style: solid; border-left-color: rgb(221, 221, 221);\"><code style=\"font-family: Consolas, &#39;Liberation Mono&#39;, Courier, 微软雅黑; color: rgb(51, 51, 51); padding-left: 2px; margin: 0px; border-left-width: 1px; border-left-style: solid; border-left-color: rgb(255, 255, 255); height: 27px; vertical-align: top; display: inline-block;\"><span class=\"pln\" style=\"color: rgb(0, 0, 0);\"> &nbsp; &nbsp;</span><span class=\"typ\" style=\"color: rgb(102, 0, 102);\">Public</span><span class=\"pln\" style=\"color: rgb(0, 0, 0);\"> </span><span class=\"kwd\" style=\"color: rgb(0, 0, 136);\">function</span><span class=\"pln\" style=\"color: rgb(0, 0, 0);\"> read_get_html</span><span class=\"pun\" style=\"color: rgb(102, 102, 0);\">(){</span></code></li><li class=\"L7\" style=\"margin: 0px; padding: 0px; border-left-width: 1px; border-left-style: solid; border-left-color: rgb(221, 221, 221);\"><code style=\"font-family: Consolas, &#39;Liberation Mono&#39;, Courier, 微软雅黑; color: rgb(51, 51, 51); padding-left: 2px; margin: 0px; border-left-width: 1px; border-left-style: solid; border-left-color: rgb(255, 255, 255); height: 27px; vertical-align: top; display: inline-block;\"><span class=\"pln\" style=\"color: rgb(0, 0, 0);\"> &nbsp; &nbsp; &nbsp; &nbsp;</span><span class=\"com\" style=\"color: rgb(136, 0, 0);\">// 输出id为1的Info的html页面</span></code></li><li class=\"L8\" style=\"margin: 0px; padding: 0px; border-left-width: 1px; border-left-style: solid; border-left-color: rgb(221, 221, 221);\"><code style=\"font-family: Consolas, &#39;Liberation Mono&#39;, Courier, 微软雅黑; color: rgb(51, 51, 51); padding-left: 2px; margin: 0px; border-left-width: 1px; border-left-style: solid; border-left-color: rgb(255, 255, 255); height: 27px; vertical-align: top; display: inline-block;\"><span class=\"pln\" style=\"color: rgb(0, 0, 0);\"> &nbsp; &nbsp;</span><span class=\"pun\" style=\"color: rgb(102, 102, 0);\">}</span></code></li><li class=\"L9\" style=\"margin: 0px; padding: 0px; border-left-width: 1px; border-left-style: solid; border-left-color: rgb(221, 221, 221);\"><code style=\"font-family: Consolas, &#39;Liberation Mono&#39;, Courier, 微软雅黑; color: rgb(51, 51, 51); padding-left: 2px; margin: 0px; border-left-width: 1px; border-left-style: solid; border-left-color: rgb(255, 255, 255); height: 0px; vertical-align: top; display: inline-block;\"></code></li><li class=\"L0\" style=\"margin: 0px; padding: 0px; border-left-width: 1px; border-left-style: solid; border-left-color: rgb(221, 221, 221);\"><code style=\"font-family: Consolas, &#39;Liberation Mono&#39;, Courier, 微软雅黑; color: rgb(51, 51, 51); padding-left: 2px; margin: 0px; border-left-width: 1px; border-left-style: solid; border-left-color: rgb(255, 255, 255); height: 27px; vertical-align: top; display: inline-block;\"><span class=\"pln\" style=\"color: rgb(0, 0, 0);\"> &nbsp; &nbsp;</span><span class=\"typ\" style=\"color: rgb(102, 0, 102);\">Public</span><span class=\"pln\" style=\"color: rgb(0, 0, 0);\"> </span><span class=\"kwd\" style=\"color: rgb(0, 0, 136);\">function</span><span class=\"pln\" style=\"color: rgb(0, 0, 0);\"> read_get_xml</span><span class=\"pun\" style=\"color: rgb(102, 102, 0);\">(){</span></code></li><li class=\"L1\" style=\"margin: 0px; padding: 0px; border-left-width: 1px; border-left-style: solid; border-left-color: rgb(221, 221, 221);\"><code style=\"font-family: Consolas, &#39;Liberation Mono&#39;, Courier, 微软雅黑; color: rgb(51, 51, 51); padding-left: 2px; margin: 0px; border-left-width: 1px; border-left-style: solid; border-left-color: rgb(255, 255, 255); height: 27px; vertical-align: top; display: inline-block;\"><span class=\"pln\" style=\"color: rgb(0, 0, 0);\"> &nbsp; &nbsp; &nbsp; &nbsp;</span><span class=\"com\" style=\"color: rgb(136, 0, 0);\">// 输出id为1的Info的XML数据</span></code></li><li class=\"L2\" style=\"margin: 0px; padding: 0px; border-left-width: 1px; border-left-style: solid; border-left-color: rgb(221, 221, 221);\"><code style=\"font-family: Consolas, &#39;Liberation Mono&#39;, Courier, 微软雅黑; color: rgb(51, 51, 51); padding-left: 2px; margin: 0px; border-left-width: 1px; border-left-style: solid; border-left-color: rgb(255, 255, 255); height: 27px; vertical-align: top; display: inline-block;\"><span class=\"pln\" style=\"color: rgb(0, 0, 0);\"> &nbsp; &nbsp;</span><span class=\"pun\" style=\"color: rgb(102, 102, 0);\">}</span></code></li><li class=\"L3\" style=\"margin: 0px; padding: 0px; border-left-width: 1px; border-left-style: solid; border-left-color: rgb(221, 221, 221);\"><code style=\"font-family: Consolas, &#39;Liberation Mono&#39;, Courier, 微软雅黑; color: rgb(51, 51, 51); padding-left: 2px; margin: 0px; border-left-width: 1px; border-left-style: solid; border-left-color: rgb(255, 255, 255); height: 27px; vertical-align: top; display: inline-block;\"><span class=\"pln\" style=\"color: rgb(0, 0, 0);\"> &nbsp; &nbsp;</span><span class=\"typ\" style=\"color: rgb(102, 0, 102);\">Public</span><span class=\"pln\" style=\"color: rgb(0, 0, 0);\"> </span><span class=\"kwd\" style=\"color: rgb(0, 0, 136);\">function</span><span class=\"pln\" style=\"color: rgb(0, 0, 0);\"> read_xml</span><span class=\"pun\" style=\"color: rgb(102, 102, 0);\">(){</span></code></li><li class=\"L4\" style=\"margin: 0px; padding: 0px; border-left-width: 1px; border-left-style: solid; border-left-color: rgb(221, 221, 221);\"><code style=\"font-family: Consolas, &#39;Liberation Mono&#39;, Courier, 微软雅黑; color: rgb(51, 51, 51); padding-left: 2px; margin: 0px; border-left-width: 1px; border-left-style: solid; border-left-color: rgb(255, 255, 255); height: 27px; vertical-align: top; display: inline-block;\"><span class=\"pln\" style=\"color: rgb(0, 0, 0);\"> &nbsp; &nbsp; &nbsp; &nbsp;</span><span class=\"com\" style=\"color: rgb(136, 0, 0);\">// 输出id为1的Info的XML数据</span></code></li><li class=\"L5\" style=\"margin: 0px; padding: 0px; border-left-width: 1px; border-left-style: solid; border-left-color: rgb(221, 221, 221);\"><code style=\"font-family: Consolas, &#39;Liberation Mono&#39;, Courier, 微软雅黑; color: rgb(51, 51, 51); padding-left: 2px; margin: 0px; border-left-width: 1px; border-left-style: solid; border-left-color: rgb(255, 255, 255); height: 27px; vertical-align: top; display: inline-block;\"><span class=\"pln\" style=\"color: rgb(0, 0, 0);\"> &nbsp; &nbsp;</span><span class=\"pun\" style=\"color: rgb(102, 102, 0);\">}</span></code></li><li class=\"L6\" style=\"margin: 0px; padding: 0px; border-left-width: 1px; border-left-style: solid; border-left-color: rgb(221, 221, 221);\"><code style=\"font-family: Consolas, &#39;Liberation Mono&#39;, Courier, 微软雅黑; color: rgb(51, 51, 51); padding-left: 2px; margin: 0px; border-left-width: 1px; border-left-style: solid; border-left-color: rgb(255, 255, 255); height: 27px; vertical-align: top; display: inline-block;\"><span class=\"pln\" style=\"color: rgb(0, 0, 0);\"> &nbsp; &nbsp;</span><span class=\"typ\" style=\"color: rgb(102, 0, 102);\">Public</span><span class=\"pln\" style=\"color: rgb(0, 0, 0);\"> </span><span class=\"kwd\" style=\"color: rgb(0, 0, 136);\">function</span><span class=\"pln\" style=\"color: rgb(0, 0, 0);\"> read_json</span><span class=\"pun\" style=\"color: rgb(102, 102, 0);\">(){</span></code></li><li class=\"L7\" style=\"margin: 0px; padding: 0px; border-left-width: 1px; border-left-style: solid; border-left-color: rgb(221, 221, 221);\"><code style=\"font-family: Consolas, &#39;Liberation Mono&#39;, Courier, 微软雅黑; color: rgb(51, 51, 51); padding-left: 2px; margin: 0px; border-left-width: 1px; border-left-style: solid; border-left-color: rgb(255, 255, 255); height: 27px; vertical-align: top; display: inline-block;\"><span class=\"pln\" style=\"color: rgb(0, 0, 0);\"> &nbsp; &nbsp; &nbsp; &nbsp;</span><span class=\"com\" style=\"color: rgb(136, 0, 0);\">// 输出id为1的Info的json数据</span></code></li><li class=\"L8\" style=\"margin: 0px; padding: 0px; border-left-width: 1px; border-left-style: solid; border-left-color: rgb(221, 221, 221);\"><code style=\"font-family: Consolas, &#39;Liberation Mono&#39;, Courier, 微软雅黑; color: rgb(51, 51, 51); padding-left: 2px; margin: 0px; border-left-width: 1px; border-left-style: solid; border-left-color: rgb(255, 255, 255); height: 27px; vertical-align: top; display: inline-block;\"><span class=\"pln\" style=\"color: rgb(0, 0, 0);\"> &nbsp; &nbsp;</span><span class=\"pun\" style=\"color: rgb(102, 102, 0);\">}</span></code></li><li class=\"L9\" style=\"margin: 0px; padding: 0px; border-left-width: 1px; border-left-style: solid; border-left-color: rgb(221, 221, 221);\"><code style=\"font-family: Consolas, &#39;Liberation Mono&#39;, Courier, 微软雅黑; color: rgb(51, 51, 51); padding-left: 2px; margin: 0px; border-left-width: 1px; border-left-style: solid; border-left-color: rgb(255, 255, 255); height: 27px; vertical-align: top; display: inline-block;\"><span class=\"pun\" style=\"color: rgb(102, 102, 0);\">}</span></code></li></ol></pre><p style=\"margin-top: 0px; margin-bottom: 0px; padding: 8px 0px; color: rgb(64, 64, 64); font-family: 微软雅黑; font-size: 16px; line-height: 27.2000007629395px; white-space: normal;\">如果我们访问的URL是：</p><pre class=\"prettyprint linenums webkit prettyprinted\" style=\"margin-bottom: 0px; padding: 6px; border-width: 1px; border-color: rgb(221, 221, 221); position: relative; font-family: Consolas, &#39;Liberation Mono&#39;, Courier, 微软雅黑; color: rgb(51, 51, 51); border-top-left-radius: 3px; border-top-right-radius: 3px; border-bottom-right-radius: 3px; border-bottom-left-radius: 3px; font-size: 16px; line-height: 27.2000007629395px; background-color: rgb(249, 249, 249);\" data-initialized=\"true\" data-gclp-id=\"4\"><ol class=\"linenums\" style=\"margin-right: 0px; margin-left: 0px; padding: 0px 0px 0px 42px; list-style-position: initial; list-style-image: initial; color: rgb(43, 165, 216);\"><li class=\"L0\" style=\"margin: 0px; padding: 0px; border-left-width: 1px; border-left-style: solid; border-left-color: rgb(221, 221, 221);\"><code style=\"font-family: Consolas, &#39;Liberation Mono&#39;, Courier, 微软雅黑; color: rgb(51, 51, 51); padding-left: 2px; margin: 0px; border-left-width: 1px; border-left-style: solid; border-left-color: rgb(255, 255, 255); height: 27px; vertical-align: top; display: inline-block;\"><span class=\"pln\" style=\"color: rgb(0, 0, 0);\">http</span><span class=\"pun\" style=\"color: rgb(102, 102, 0);\">:</span><span class=\"com\" style=\"color: rgb(136, 0, 0);\">//www.domain.com/Info/read/id/1.xml</span></code></li></ol></pre><p style=\"margin-top: 0px; margin-bottom: 0px; padding: 8px 0px; color: rgb(64, 64, 64); font-family: 微软雅黑; font-size: 16px; line-height: 27.2000007629395px; white-space: normal;\">假设我们没有定义路由，这样访问的是Info控制器的read操作，那么上面的请求会调用InfoController类的&nbsp;<code style=\"font-family: Consolas, &#39;Liberation Mono&#39;, Courier, 微软雅黑; padding-right: 4px; padding-left: 4px; margin: 0px 2px; white-space: nowrap; border-top-left-radius: 3px; border-top-right-radius: 3px; border-bottom-right-radius: 3px; border-bottom-left-radius: 3px;\">read_get_xml</code>方法，而不是<code style=\"font-family: Consolas, &#39;Liberation Mono&#39;, Courier, 微软雅黑; padding-right: 4px; padding-left: 4px; margin: 0px 2px; white-space: nowrap; border-top-left-radius: 3px; border-top-right-radius: 3px; border-bottom-right-radius: 3px; border-bottom-left-radius: 3px;\">read_xml</code>方法，但是如果访问的URL是：</p><pre class=\"prettyprint linenums webkit prettyprinted\" style=\"margin-bottom: 0px; padding: 6px; border-width: 1px; border-color: rgb(221, 221, 221); position: relative; font-family: Consolas, &#39;Liberation Mono&#39;, Courier, 微软雅黑; color: rgb(51, 51, 51); border-top-left-radius: 3px; border-top-right-radius: 3px; border-bottom-right-radius: 3px; border-bottom-left-radius: 3px; font-size: 16px; line-height: 27.2000007629395px; background-color: rgb(249, 249, 249);\" data-initialized=\"true\" data-gclp-id=\"5\"><ol class=\"linenums\" style=\"margin-right: 0px; margin-left: 0px; padding: 0px 0px 0px 42px; list-style-position: initial; list-style-image: initial; color: rgb(43, 165, 216);\"><li class=\"L0\" style=\"margin: 0px; padding: 0px; border-left-width: 1px; border-left-style: solid; border-left-color: rgb(221, 221, 221);\"><code style=\"font-family: Consolas, &#39;Liberation Mono&#39;, Courier, 微软雅黑; color: rgb(51, 51, 51); padding-left: 2px; margin: 0px; border-left-width: 1px; border-left-style: solid; border-left-color: rgb(255, 255, 255); height: 27px; vertical-align: top; display: inline-block;\"><span class=\"pln\" style=\"color: rgb(0, 0, 0);\">http</span><span class=\"pun\" style=\"color: rgb(102, 102, 0);\">:</span><span class=\"com\" style=\"color: rgb(136, 0, 0);\">//www.domain.com/Info/read/id/1.json</span></code></li></ol></pre><p style=\"margin-top: 0px; margin-bottom: 0px; padding: 8px 0px; color: rgb(64, 64, 64); font-family: 微软雅黑; font-size: 16px; line-height: 27.2000007629395px; white-space: normal;\">那么则会调用read_json方法。</p><p style=\"margin-top: 0px; margin-bottom: 0px; padding: 8px 0px; color: rgb(64, 64, 64); font-family: 微软雅黑; font-size: 16px; line-height: 27.2000007629395px; white-space: normal;\">如果我们访问的URL是</p><pre class=\"prettyprint linenums webkit prettyprinted\" style=\"margin-bottom: 0px; padding: 6px; border-width: 1px; border-color: rgb(221, 221, 221); position: relative; font-family: Consolas, &#39;Liberation Mono&#39;, Courier, 微软雅黑; color: rgb(51, 51, 51); border-top-left-radius: 3px; border-top-right-radius: 3px; border-bottom-right-radius: 3px; border-bottom-left-radius: 3px; font-size: 16px; line-height: 27.2000007629395px; background-color: rgb(249, 249, 249);\" data-initialized=\"true\" data-gclp-id=\"6\"><ol class=\"linenums\" style=\"margin-right: 0px; margin-left: 0px; padding: 0px 0px 0px 42px; list-style-position: initial; list-style-image: initial; color: rgb(43, 165, 216);\"><li class=\"L0\" style=\"margin: 0px; padding: 0px; border-left-width: 1px; border-left-style: solid; border-left-color: rgb(221, 221, 221);\"><code style=\"font-family: Consolas, &#39;Liberation Mono&#39;, Courier, 微软雅黑; color: rgb(51, 51, 51); padding-left: 2px; margin: 0px; border-left-width: 1px; border-left-style: solid; border-left-color: rgb(255, 255, 255); height: 27px; vertical-align: top; display: inline-block;\"><span class=\"pln\" style=\"color: rgb(0, 0, 0);\">http</span><span class=\"pun\" style=\"color: rgb(102, 102, 0);\">:</span><span class=\"com\" style=\"color: rgb(136, 0, 0);\">//www.domain.com/Info/read/id/1.rss</span></code></li></ol></pre><p style=\"margin-top: 0px; margin-bottom: 0px; padding: 8px 0px; color: rgb(64, 64, 64); font-family: 微软雅黑; font-size: 16px; line-height: 27.2000007629395px; white-space: normal;\">由于我们不允许rss资源类型的访问，所以，调用的方法其实是read_html方法。</p><h2 style=\"margin: 16px 0px 0px; padding: 0px; font-size: 20px; border-bottom-width: 1px; border-bottom-style: solid; border-bottom-color: rgb(238, 238, 238); color: rgb(64, 64, 64); font-family: 微软雅黑; white-space: normal;\">REST路由</h2><p style=\"margin-top: 0px; margin-bottom: 0px; padding: 8px 0px; color: rgb(64, 64, 64); font-family: 微软雅黑; font-size: 16px; line-height: 27.2000007629395px; white-space: normal;\">我们可以借助3.2的路由参数功能，来解决REST的路由定义问题。 例如，</p><pre class=\"prettyprint linenums webkit prettyprinted\" style=\"margin-bottom: 0px; padding: 6px; border-width: 1px; border-color: rgb(221, 221, 221); position: relative; font-family: Consolas, &#39;Liberation Mono&#39;, Courier, 微软雅黑; color: rgb(51, 51, 51); border-top-left-radius: 3px; border-top-right-radius: 3px; border-bottom-right-radius: 3px; border-bottom-left-radius: 3px; font-size: 16px; line-height: 27.2000007629395px; background-color: rgb(249, 249, 249);\" data-initialized=\"true\" data-gclp-id=\"7\"><ol class=\"linenums\" style=\"margin-right: 0px; margin-left: 0px; padding: 0px 0px 0px 42px; list-style-position: initial; list-style-image: initial; color: rgb(43, 165, 216);\"><li class=\"L0\" style=\"margin: 0px; padding: 0px; border-left-width: 1px; border-left-style: solid; border-left-color: rgb(221, 221, 221);\"><code style=\"font-family: Consolas, &#39;Liberation Mono&#39;, Courier, 微软雅黑; color: rgb(51, 51, 51); padding-left: 2px; margin: 0px; border-left-width: 1px; border-left-style: solid; border-left-color: rgb(255, 255, 255); height: 27px; vertical-align: top; display: inline-block;\"><span class=\"str\" style=\"color: rgb(0, 136, 0);\">&#39;blog/:id&#39;</span><span class=\"pun\" style=\"color: rgb(102, 102, 0);\">=&gt;</span><span class=\"pln\" style=\"color: rgb(0, 0, 0);\">array</span><span class=\"pun\" style=\"color: rgb(102, 102, 0);\">(</span><span class=\"str\" style=\"color: rgb(0, 136, 0);\">&#39;blog/read&#39;</span><span class=\"pun\" style=\"color: rgb(102, 102, 0);\">,</span><span class=\"str\" style=\"color: rgb(0, 136, 0);\">&#39;status=1&#39;</span><span class=\"pun\" style=\"color: rgb(102, 102, 0);\">,</span><span class=\"pln\" style=\"color: rgb(0, 0, 0);\">array</span><span class=\"pun\" style=\"color: rgb(102, 102, 0);\">(</span><span class=\"str\" style=\"color: rgb(0, 136, 0);\">&#39;ext&#39;</span><span class=\"pun\" style=\"color: rgb(102, 102, 0);\">=&gt;</span><span class=\"str\" style=\"color: rgb(0, 136, 0);\">&#39;xml&#39;</span><span class=\"pun\" style=\"color: rgb(102, 102, 0);\">,</span><span class=\"str\" style=\"color: rgb(0, 136, 0);\">&#39;method&#39;</span><span class=\"pun\" style=\"color: rgb(102, 102, 0);\">=&gt;</span><span class=\"str\" style=\"color: rgb(0, 136, 0);\">&#39;get&#39;</span><span class=\"pun\" style=\"color: rgb(102, 102, 0);\">)),</span></code></li></ol></pre><p style=\"margin-top: 0px; margin-bottom: 0px; padding: 8px 0px; color: rgb(64, 64, 64); font-family: 微软雅黑; font-size: 16px; line-height: 27.2000007629395px; white-space: normal;\">上面的路由定义，把blog/5路由到了blog/read/id/5 并且，约束了后缀是xml 请求类型是get。 我们还可以定义其他的路由参数，例如：</p><pre class=\"prettyprint linenums webkit prettyprinted\" style=\"margin-bottom: 0px; padding: 6px; border-width: 1px; border-color: rgb(221, 221, 221); position: relative; font-family: Consolas, &#39;Liberation Mono&#39;, Courier, 微软雅黑; color: rgb(51, 51, 51); border-top-left-radius: 3px; border-top-right-radius: 3px; border-bottom-right-radius: 3px; border-bottom-left-radius: 3px; font-size: 16px; line-height: 27.2000007629395px; background-color: rgb(249, 249, 249);\" data-initialized=\"true\" data-gclp-id=\"8\"><ol class=\"linenums\" style=\"margin-right: 0px; margin-left: 0px; padding: 0px 0px 0px 42px; list-style-position: initial; list-style-image: initial; color: rgb(43, 165, 216);\"><li class=\"L0\" style=\"margin: 0px; padding: 0px; border-left-width: 1px; border-left-style: solid; border-left-color: rgb(221, 221, 221);\"><code style=\"font-family: Consolas, &#39;Liberation Mono&#39;, Courier, 微软雅黑; color: rgb(51, 51, 51); padding-left: 2px; margin: 0px; border-left-width: 1px; border-left-style: solid; border-left-color: rgb(255, 255, 255); height: 27px; vertical-align: top; display: inline-block;\"><span class=\"str\" style=\"color: rgb(0, 136, 0);\">&#39;blog/:id&#39;</span><span class=\"pun\" style=\"color: rgb(102, 102, 0);\">=&gt;</span><span class=\"pln\" style=\"color: rgb(0, 0, 0);\">array</span><span class=\"pun\" style=\"color: rgb(102, 102, 0);\">(</span><span class=\"str\" style=\"color: rgb(0, 136, 0);\">&#39;blog/update&#39;</span><span class=\"pun\" style=\"color: rgb(102, 102, 0);\">,</span><span class=\"str\" style=\"color: rgb(0, 136, 0);\">&#39;&#39;</span><span class=\"pun\" style=\"color: rgb(102, 102, 0);\">,</span><span class=\"pln\" style=\"color: rgb(0, 0, 0);\">array</span><span class=\"pun\" style=\"color: rgb(102, 102, 0);\">(</span><span class=\"str\" style=\"color: rgb(0, 136, 0);\">&#39;ext&#39;</span><span class=\"pun\" style=\"color: rgb(102, 102, 0);\">=&gt;</span><span class=\"str\" style=\"color: rgb(0, 136, 0);\">&#39;xml&#39;</span><span class=\"pun\" style=\"color: rgb(102, 102, 0);\">,</span><span class=\"str\" style=\"color: rgb(0, 136, 0);\">&#39;method&#39;</span><span class=\"pun\" style=\"color: rgb(102, 102, 0);\">=&gt;</span><span class=\"str\" style=\"color: rgb(0, 136, 0);\">&#39;put&#39;</span><span class=\"pun\" style=\"color: rgb(102, 102, 0);\">)),</span></code></li></ol></pre><p st',1416627143),(19,126,12,'交流会议程','<table class=\"schedule-table\" style=\"width: 559px; margin: 0px auto; color: rgb(34, 34, 34); font-family: Helvetica, Arial, &#39;Hiragino Sans GB&#39;, STHeiti, sans-serif; line-height: 24px; white-space: normal; background-color: rgb(245, 245, 245);\"><tbody><tr><th colspan=\"4\" style=\"font-size: 20px; padding-bottom: 20px;\">Day 1&nbsp;</th></tr><tr><td rowspan=\"7\" class=\"rowspan\" style=\"padding-top: 10px; padding-bottom: 10px; vertical-align: middle; width: 16px; font-size: 13px; color: rgb(136, 136, 136);\">上午</td><td class=\"time\" style=\"padding-top: 10px; padding-bottom: 10px; vertical-align: middle; font-size: 13px; color: rgb(136, 136, 136);\">8:00 - 9:00</td><td style=\"padding-top: 10px; padding-bottom: 10px; vertical-align: middle;\">签到</td></tr><tr><td class=\"time\" style=\"padding-top: 10px; padding-bottom: 10px; vertical-align: middle; font-size: 13px; color: rgb(136, 136, 136);\">9:00 - 9:15</td><td style=\"padding-top: 10px; padding-bottom: 10px; vertical-align: middle;\">开幕</td></tr><tr><td class=\"time\" style=\"padding-top: 10px; padding-bottom: 10px; vertical-align: middle; font-size: 13px; color: rgb(136, 136, 136);\">9:15 - 10:15</td><td style=\"padding-top: 10px; padding-bottom: 10px; vertical-align: middle;\">谢文威</td></tr><tr><td class=\"time\" style=\"padding-top: 10px; padding-bottom: 10px; vertical-align: middle; font-size: 13px; color: rgb(136, 136, 136);\">10:15 - 11:00</td><td style=\"padding-top: 10px; padding-bottom: 10px; vertical-align: middle;\">Daniel Bovensiepen</td></tr><tr><td class=\"time\" style=\"padding-top: 10px; padding-bottom: 10px; vertical-align: middle; font-size: 13px; color: rgb(136, 136, 136);\">11:00 - 11:20</td><td colspan=\"2\" style=\"padding-top: 10px; padding-bottom: 10px; vertical-align: middle;\">休息</td></tr><tr><td class=\"time\" style=\"padding-top: 10px; padding-bottom: 10px; vertical-align: middle; font-size: 13px; color: rgb(136, 136, 136);\">11:20 - 12:00</td><td style=\"padding-top: 10px; padding-bottom: 10px; vertical-align: middle;\">张泽涛</td></tr><tr><td class=\"time\" style=\"padding-top: 10px; padding-bottom: 10px; vertical-align: middle; font-size: 13px; color: rgb(136, 136, 136);\">12:00 - 13:30</td><td style=\"padding-top: 10px; padding-bottom: 10px; vertical-align: middle;\">午饭</td></tr><tr><td rowspan=\"7\" class=\"rowspan\" style=\"padding-top: 10px; padding-bottom: 10px; vertical-align: middle; width: 16px; font-size: 13px; color: rgb(136, 136, 136);\">下午</td><td class=\"time\" style=\"padding-top: 10px; padding-bottom: 10px; vertical-align: middle; font-size: 13px; color: rgb(136, 136, 136);\">13:30 - 14:15</td><td style=\"padding-top: 10px; padding-bottom: 10px; vertical-align: middle;\">冯晓东</td></tr><tr><td class=\"time\" style=\"padding-top: 10px; padding-bottom: 10px; vertical-align: middle; font-size: 13px; color: rgb(136, 136, 136);\">14:15 - 15:00</td><td style=\"padding-top: 10px; padding-bottom: 10px; vertical-align: middle;\">包桢韡</td></tr><tr><td class=\"time\" style=\"padding-top: 10px; padding-bottom: 10px; vertical-align: middle; font-size: 13px; color: rgb(136, 136, 136);\">15:00 - 15:25</td><td style=\"padding-top: 10px; padding-bottom: 10px; vertical-align: middle;\">休息</td></tr><tr><td class=\"time\" style=\"padding-top: 10px; padding-bottom: 10px; vertical-align: middle; font-size: 13px; color: rgb(136, 136, 136);\">15:25 - 16:05</td><td style=\"padding-top: 10px; padding-bottom: 10px; vertical-align: middle;\">郭达峰</td></tr><tr><td class=\"time\" style=\"padding-top: 10px; padding-bottom: 10px; vertical-align: middle; font-size: 13px; color: rgb(136, 136, 136);\">16:05 - 16:50</td><td style=\"padding-top: 10px; padding-bottom: 10px; vertical-align: middle;\">罗昕</td></tr><tr><td class=\"time\" style=\"padding-top: 10px; padding-bottom: 10px; vertical-align: middle; font-size: 13px; color: rgb(136, 136, 136);\">17:00 - 18:00</td><td style=\"padding-top: 10px; padding-bottom: 10px; vertical-align: middle;\">李建业</td></tr></tbody></table><p><br/></p>',1416654674),(20,128,26,'袂卓制度','<p style=\";margin-top:0;margin-bottom:0;text-autospace:ideograph-numeric;text-autospace:ideograph-other;text-align:justify;line-height:125%;vertical-align:\"><span style=\"color:#000000\"><span style=\";font-weight:bold;font-size:16px;font-family:&#39;黑体&#39;\">一、日常遵守制度</span></span></p><p style=\";margin-top:0;margin-bottom:0;text-autospace:ideograph-numeric;text-autospace:ideograph-other;text-align:justify;line-height:125%;vertical-align:\"><span style=\"color:#000000\"><span style=\";font-size:14px;font-family:&#39;宋体&#39;\">1.&nbsp;<span style=\"font-family:宋体\">学习、工作期间</span></span><span style=\"font-weight: bold; font-size: 14px; font-family: &quot;宋体&quot;;\">不得在工作室大声喧哗</span><span style=\";font-size:14px;font-family:&#39;宋体&#39;\">，影响他人，需要讨论的问题尽量低声，快速完成。</span></span></p><p style=\";margin-top:0;margin-bottom:0;text-autospace:ideograph-numeric;text-autospace:ideograph-other;text-align:justify;line-height:125%;vertical-align:\"><span style=\"color:#000000\"><span style=\";font-size:14px;font-family:&#39;宋体&#39;\">2.&nbsp;<span style=\"font-family:宋体\">个人电脑台面装饰不得影响他人或团队形象</span></span></span></p><p style=\";margin-top:0;margin-bottom:0;text-autospace:ideograph-numeric;text-autospace:ideograph-other;text-align:justify;line-height:125%;vertical-align:\"><span style=\"color:#000000\"><span style=\";font-size:14px;font-family:&#39;宋体&#39;\">3.&nbsp;<span style=\"font-family:宋体\">有公款报销需出示票据证明。</span></span></span></p><p style=\";margin-top:0;margin-bottom:0;text-autospace:ideograph-numeric;text-autospace:ideograph-other;text-align:justify;line-height:125%;vertical-align:\"><span style=\"color:#000000\"><span style=\";font-size:14px;font-family:&#39;宋体&#39;\">4.&nbsp;<span style=\"font-family:宋体\">工作室只限于内部成员使用，禁止外人随意进入，除非有工作需求，须向负责人说明。</span></span></span></p><p style=\";margin-top:0;margin-bottom:0;text-autospace:ideograph-numeric;text-autospace:ideograph-other;text-align:justify;line-height:125%;vertical-align:\"><span style=\"color:#000000\"><span style=\";font-size:14px;font-family:&#39;宋体&#39;\">5.&nbsp;<span style=\"font-family:宋体\">每周提交学习或者项目的进度报告，</span></span><span style=\"font-weight: bold; font-size: 14px; font-family: &quot;宋体&quot;;\">连续三次未提交者，负责人将会予以劝退</span><span style=\";font-size:14px;font-family:&#39;宋体&#39;\">。</span></span></p><p style=\";margin-top:0;margin-bottom:0;text-autospace:ideograph-numeric;text-autospace:ideograph-other;text-align:justify;line-height:125%;vertical-align:\"><span style=\"color:#000000\"><span style=\";font-size:14px;font-family:&#39;宋体&#39;\">6.&nbsp;<span style=\"font-family:宋体\">存在意见或分歧者，积极主动沟通或由负责人调解</span></span></span></p><p style=\";margin-top:0;margin-bottom:0;text-autospace:ideograph-numeric;text-autospace:ideograph-other;text-align:justify;line-height:125%;vertical-align:\"><span style=\"color:#000000\"><span style=\";font-size:14px;font-family:&#39;宋体&#39;\">7.&nbsp;<span style=\"font-family:宋体\">不得将个人感情带入工作中，营造良好的工作氛围。</span></span></span></p><p style=\";margin-top:0;margin-bottom:0;text-autospace:ideograph-numeric;text-autospace:ideograph-other;text-align:justify;line-height:125%;vertical-align:\"><span style=\"color:#000000\"><span style=\";font-weight:bold;font-size:16px;font-family:&#39;黑体&#39;\">二、卫生制度</span></span></p><p style=\";margin-top:0;margin-bottom:0;text-autospace:ideograph-numeric;text-autospace:ideograph-other;text-align:justify;line-height:125%;vertical-align:\"><span style=\"color:#000000\"><span style=\"font-size:14px;font-family:&#39;宋体&#39;\"><span>1．</span></span><span style=\";font-size:14px;font-family:&#39;宋体&#39;\">注重个人区域卫生，每次离开前整理台面，如发现特别不注重卫生者，负责人发现将进行相应惩罚。</span></span></p><p style=\";margin-top:0;margin-bottom:0;text-autospace:ideograph-numeric;text-autospace:ideograph-other;text-align:justify;line-height:125%;vertical-align:\"><span style=\"color:#000000\"><span style=\"font-size:14px;font-family:&#39;宋体&#39;\"><span>2．</span></span><span style=\";font-size:14px;font-family:&#39;宋体&#39;\">每日值日采用轮组制，值日人员分组见值日安排表。</span></span></p><p style=\";margin-top:0;margin-bottom:0;text-autospace:ideograph-numeric;text-autospace:ideograph-other;text-align:justify;line-height:125%;vertical-align:\"><span style=\"color:#000000\"><span style=\"font-size:14px;font-family:&#39;宋体&#39;\"><span>3．</span></span><span style=\";font-size:14px;font-family:&#39;宋体&#39;\">当天值日人员需要通知下一天值日人员。</span></span></p><p style=\";margin-top:0;margin-bottom:0;text-autospace:ideograph-numeric;text-autospace:ideograph-other;text-align:justify;line-height:125%;vertical-align:\"><span style=\"color:#000000\"><span style=\"font-size:14px;font-family:&#39;宋体&#39;\"><span>4．</span></span><span style=\";font-size:14px;font-family:&#39;宋体&#39;\">每日值日范围为工作区、过道。</span></span></p><p style=\";margin-top:0;margin-bottom:0;text-autospace:ideograph-numeric;text-autospace:ideograph-other;text-align:justify;line-height:125%;vertical-align:\"><span style=\"color:#000000\"><span style=\"font-size:14px;font-family:&#39;宋体&#39;\"><span>5．</span></span><span style=\";font-size:14px;font-family:&#39;宋体&#39;\">值日内容为扫地、拖地、倒垃圾、清理公共台面垃圾（</span><span style=\"font-weight: bold; font-size: 14px; font-family: &quot;宋体&quot;;\">注：个人台面个人负责</span><span style=\";font-size:14px;font-family:&#39;宋体&#39;\">）。</span></span></p><p style=\";margin-top:0;margin-bottom:0;text-autospace:ideograph-numeric;text-autospace:ideograph-other;text-align:justify;line-height:125%;vertical-align:\"><span style=\"color:#000000\"><span style=\"font-size:14px;font-family:&#39;宋体&#39;\"><span>6．</span></span><span style=\";font-size:14px;font-family:&#39;宋体&#39;\">每月大清洁，清理范围增加走廊、窗户和门玻璃，牌匾。&nbsp;</span></span></p><p style=\";margin-top:0;margin-bottom:0;text-autospace:ideograph-numeric;text-autospace:ideograph-other;text-align:justify;line-height:125%;vertical-align:\"><span style=\"color:#000000\"><span style=\"font-size:14px;font-family:&#39;宋体&#39;\"><span>7．</span></span><span style=\";font-size:14px;font-family:&#39;宋体&#39;\">由卫生部部长安排指挥。（</span><span style=\"font-weight: bold; font-size: 14px; font-family: &quot;宋体&quot;;\">时间定为每月最后一个星期二</span><span style=\";font-size:14px;font-family:&#39;宋体&#39;\">）。</span></span></p><p style=\";margin-top:0;margin-bottom:0;text-autospace:ideograph-numeric;text-autospace:ideograph-other;text-align:justify;line-height:125%;vertical-align:\"><span style=\"color:#000000\"><span style=\";font-weight:bold;font-size:16px;font-family:&#39;黑体&#39;\">三、财务制度</span></span></p><p style=\";margin-top:0;margin-bottom:0;text-autospace:ideograph-numeric;text-autospace:ideograph-other;text-align:justify;line-height:125%;vertical-align:\"><span style=\"color:#000000\"><span style=\";font-size:14px;font-family:&#39;宋体&#39;\">1.&nbsp;<span style=\"font-family:宋体\">工作室的所有经费由经济管理学院电子商务专业拨款，包括工作室的设备设施，学习资源，基本生活用品。</span></span></span></p><p style=\";margin-top:0;margin-bottom:0;text-autospace:ideograph-numeric;text-autospace:ideograph-other;text-align:justify;line-height:125%;vertical-align:\"><span style=\"color:#000000\"><span style=\";font-size:14px;font-family:&#39;宋体&#39;\">2.&nbsp;<span style=\"font-family:宋体\">工作室主要由项目成员捐赠，强制收取，但不要求金额数量，视项目的总体收取。</span></span></span></p><p style=\";margin-top:0;margin-bottom:0;text-autospace:ideograph-numeric;text-autospace:ideograph-other;text-align:justify;line-height:125%;vertical-align:\"><span style=\"color:#000000\"><span style=\";font-size:14px;font-family:&#39;宋体&#39;\">3.&nbsp;<span style=\"font-family:宋体\">工作室的经费全部用于工作室的建设，包括不含于报销范畴的物品购置，工作室聚会等等。</span></span></span></p><p style=\";margin-top:0;margin-bottom:0;text-autospace:ideograph-numeric;text-autospace:ideograph-other;text-align:justify;line-height:125%;vertical-align:\"><span style=\"color:#000000\"><span style=\";font-size:14px;font-family:&#39;宋体&#39;\">4.&nbsp;<span style=\"font-family:宋体\">工作室财务统一财务部长管理，支出跟收入必须做详细的财务报表，定时公开。</span></span></span></p><p style=\";margin-top:0;margin-bottom:0;text-autospace:ideograph-numeric;text-autospace:ideograph-other;text-align:justify;line-height:125%;vertical-align:\"><span style=\"color:#000000\"><span style=\";font-size:14px;font-family:&#39;宋体&#39;\">5.&nbsp;</span></span></p><p style=\";margin-top:0;margin-bottom:0;text-autospace:ideograph-numeric;text-autospace:ideograph-other;text-align:justify;line-height:125%;vertical-align:\"><span style=\"color:#000000\"><span style=\";font-weight:bold;font-size:16px;font-family:&#39;黑体&#39;\">四、考勤制度</span></span></p><p style=\";margin-top:0;margin-bottom:0;text-autospace:ideograph-numeric;text-autospace:ideograph-other;text-align:justify;line-height:125%;vertical-align:\"><span style=\"color:#000000\"><span style=\";font-size:14px;font-family:&#39;宋体&#39;\">1.&nbsp;<span style=\"font-family:宋体\">每周至少签到六次，</span></span><span style=\"font-weight: bold; font-size: 14px; font-family: &quot;宋体&quot;;\">连续三周考勤次数不够，负责人将会予以劝退</span><span style=\"font-size: 14px; font-family: &quot;宋体&quot;;\">。</span></span></p><p style=\";margin-top:0;margin-bottom:0;text-autospace:ideograph-numeric;text-autospace:ideograph-other;text-align:justify;line-height:125%;vertical-align:\"><span style=\"color:#000000\"><span style=\";font-size:14px;font-family:&#39;宋体&#39;\">2.&nbsp;<span style=\"font-family:宋体\">考勤为填表的形式，负责人会不定时检查，严格惩罚弄虚作假。</span></span></span></p><p style=\";margin-top:0;margin-bottom:0;text-autospace:ideograph-numeric;text-autospace:ideograph-other;text-align:justify;line-height:125%;vertical-align:\"><span style=\"color:#000000\"><span style=\";font-size:14px;font-family:&#39;宋体&#39;\">3.&nbsp;<span style=\"font-family:宋体\">切记每次到来工作室填写好考勤表。</span></span></span></p><p style=\";margin-top:0;margin-bottom:0;text-autospace:ideograph-numeric;text-autospace:ideograph-other;text-align:justify;line-height:125%;vertical-align:\"><span style=\"color:#000000\"><span style=\";font-size:14px;font-family:&#39;宋体&#39;\">4.&nbsp;<span style=\"font-family:宋体\">考勤表每周一更换一次，由负责人负责打印出来。</span></span></span> </p><p style=\";margin-top:0;margin-bottom:0;text-autospace:ideograph-numeric;text-autospace:ideograph-other;text-align:justify;line-height:125%;vertical-align:\"><span style=\"color:#000000\"><span style=\";font-weight:bold;font-size:16px;font-family:&#39;黑体&#39;\">五、项目制度</span></span></p><p style=\";margin-top:0;margin-bottom:0;text-autospace:ideograph-numeric;text-autospace:ideograph-other;text-align:justify;line-height:125%;vertical-align:\"><span style=\"color:#000000\"><span style=\";font-size:14px;font-family:&#39;宋体&#39;\">1.&nbsp;<span style=\"font-family:宋体\">以</span></span><span style=\"font-weight: bold; font-size: 14px; font-family: &quot;宋体&quot;;\">指导老师以及负责人下达的项目优先</span><span style=\";font-size:14px;font-family:&#39;宋体&#39;\">，项目进度须每周在会议上总结报告。</span></span></p><p style=\";margin-top:0;margin-bottom:0;text-autospace:ideograph-numeric;text-autospace:ideograph-other;text-align:justify;line-height:125%;vertical-align:\"><span style=\"color:#000000\"><span style=\";font-size:14px;font-family:&#39;宋体&#39;\">2.&nbsp;<span style=\"font-family:宋体\">工作室成员自行接项目须向负责人说明，以</span></span><span style=\"font-weight: bold; font-size: 14px; font-family: &quot;宋体&quot;;\">工作室内部成员为主体展开项目</span><span style=\";font-size:14px;font-family:&#39;宋体&#39;\">，并且每周在会议上总结报告。</span></span></p><p style=\";margin-top:0;margin-bottom:0;text-autospace:ideograph-numeric;text-autospace:ideograph-other;text-align:justify;line-height:125%;vertical-align:\"><span style=\"color:#000000\"><span style=\";font-size:14px;font-family:&#39;宋体&#39;\">3.&nbsp;</span><span style=\"font-weight: bold; font-size: 14px; font-family: &quot;宋体&quot;;\">项目过程由各个小组长协调安排人手，在小组长的带领下完成</span><span style=\";font-size:14px;font-family:&#39;宋体&#39;\">。如无项目在做，小组长须适当安排学习任务，并且实时跟进。</span></span></p><p style=\";margin-top:0;margin-bottom:0;text-autospace:ideograph-numeric;text-autospace:ideograph-other;text-align:justify;line-height:125%;vertical-align:\"><span style=\"color:#000000\"><span style=\";font-weight:bold;font-size:16px;font-family:&#39;黑体&#39;\">六、开会制度</span></span></p><p style=\";margin-top:0;margin-bottom:0;text-autospace:ideograph-numeric;text-autospace:ideograph-other;text-align:justify;line-height:125%;vertical-align:\"><span style=\"color:#000000\"><span style=\";font-size:14px;font-family:&#39;宋体&#39;\">1.&nbsp;<span style=\"font-family:宋体\">每周召开部门会议，每两周召开全体会议，开全体会议的一周不强求召开小组会议，全体会议之后，小组长可以自行安排小组会议。</span></span></span></p><p style=\";margin-top:0;margin-bottom:0;text-autospace:ideograph-numeric;text-autospace:ideograph-other;text-align:justify;line-height:125%;vertical-align:\"><span style=\"color:#000000\"><span style=\";font-size:14px;font-family:&#39;宋体&#39;\">2.&nbsp;<span style=\"font-family:宋体\">例会请假需告知负责人，待允许后方可缺席。</span></span><span style=\"font-weight: bold; font-size: 14px; font-family: &quot;宋体&quot;;\">无故缺席三次者将予以劝退</span><span style=\";font-size:14px;font-family:&#39;宋体&#39;\">。例会时间：每周五晚<span style=\"font-family:Times New Roman\">10</span><span style=\"font-family:宋体\">点。</span></span></span></p><p style=\";margin-top:0;margin-bottom:0;text-autospace:ideograph-numeric;text-autospace:ideograph-other;text-align:justify;line-height:125%;vertical-align:\"><span style=\"color:#000000\"><span style=\";font-size:14px;font-family:&#39;宋体&#39;\">3.&nbsp;<span style=\"font-family:宋体\">小组会议由各小组长组织召开，全体会议由负责人组织召开。</span></span></span></p><p style=\";margin-top:0;margin-bottom:0;text-autospace:ideograph-numeric;text-autospace:ideograph-other;text-align:justify;line-height:125%;vertical-align:\"><span style=\"color:#000000\"><span style=\";font-size:14px;font-family:&#39;宋体&#39;\">4.&nbsp;<span style=\"font-family:宋体\">小组会议内容主要为学习进度以及项目进度总结，提出问题，共同商讨解决问题的方案。全体会议上小组长须向负责人报告小组成员的状况，以及在做项目进度等。全体会议上可以提出工作室完善方面的具有建设性的建议。</span></span></span></p><p style=\";margin-top:0;margin-bottom:0;text-autospace:ideograph-numeric;text-autospace:ideograph-other;text-align:justify;line-height:125%;vertical-align:\"><span style=\"color:#000000\"><span style=\";font-size:14px;font-family:&#39;宋体&#39;\">&nbsp;</span></span></p><p style=\";margin-top:0;margin-bottom:0;text-autospace:ideograph-numeric;text-autospace:ideograph-other;text-align:justify;line-height:125%;vertical-align:\"><span style=\"color:#000000\"><span style=\"font-weight:bold;font-size:16px;font-family:&#39;黑体&#39;\"><span>七、</span></span><span style=\";font-weight:bold;font-size:16px;font-family:&#39;黑体&#39;\">图书借阅制度</span></span></p><p style=\";margin-top:0;margin-bottom:0;text-autospace:ideograph-numeric;text-autospace:ideograph-other;text-align:justify;line-height:125%;vertical-align:\"><span style=\"color:#000000\"><span style=\";font-size:14px;font-family:&#39;宋体&#39;\">1.&nbsp;<span style=\"font-family:宋体\">工作室目前两个图书柜，存放的图书严格统计数目。</span></span></span></p><p style=\";margin-top:0;margin-bottom:0;text-autospace:ideograph-numeric;text-autospace:ideograph-other;text-align:justify;line-height:125%;vertical-align:\"><span style=\"color:#000000\"><span style=\";font-size:14px;font-family:&#39;宋体&#39;\">2.&nbsp;.<span style=\"font-family:宋体\">书籍借阅、转借其他队友需严格登记，不得外借。</span></span></span></p><p style=\";margin-top:0;margin-bottom:0;text-autospace:ideograph-numeric;text-autospace:ideograph-other;text-align:justify;line-height:125%;vertical-align:\"><span style=\"color:#000000\"><span style=\";font-size:14px;font-family:&#39;宋体&#39;\">3.&nbsp;<span style=\"font-family:宋体\">需要购买报销的书籍须提前向工作室负责人通报审核。</span></span></span></p><p style=\";margin-top:0;margin-bottom:0;text-autospace:ideograph-numeric;text-autospace:ideograph-other;text-align:justify;line-height:125%;vertical-align:\"><span style=\"color:#000000\"><span style=\";font-weight:bold;font-size:16px;font-family:&#39;黑体&#39;\">八、公共财物安全制度</span></span></p><p style=\";margin-top:0;margin-bottom:0;text-autospace:ideograph-numeric;text-autospace:ideograph-other;text-align:justify;line-height:125%;vertical-align:\"><span style=\"color:#000000\"><span style=\";font-size:14px;font-family:&#39;宋体&#39;\">1.&nbsp;<span style=\"font-family:宋体\">进入工作室须配置电梯门口的钥匙（</span></span><span style=\"font-weight: bold; font-size: 14px; font-family: &quot;宋体&quot;;\">两把，暂且由总负责人携带</span><span style=\";font-size:14px;font-family:&#39;宋体&#39;\">），以及进入工作室的钥匙（</span><span style=\"font-weight: bold; font-size: 14px; font-family: &quot;宋体&quot;;\">四把，由工作室四位主要负责人携带</span><span style=\";font-size:14px;font-family:&#39;宋体&#39;\">）。</span></span></p><p style=\";margin-top:0;margin-bottom:0;text-autospace:ideograph-numeric;text-autospace:ideograph-other;text-align:justify;line-height:125%;vertical-align:\"><span style=\"color:#000000\"><span style=\";font-size:14px;font-family:&#39;宋体&#39;\">2.&nbsp;<span style=\"font-family:宋体\">最后出门者须检查电器、门窗、并且确保已经锁好了门。</span></span></span></p><p style=\";margin-top:0;margin-bottom:0;text-autospace:ideograph-numeric;text-autospace:ideograph-other;text-align:justify;line-height:125%;vertical-align:\"><span style=\"color:#000000\"><span style=\";font-weight:bold;font-size:16px;font-family:&#39;黑体&#39;\">九、工作室劝退</span></span></p><p style=\";margin-top:0;margin-bottom:0;text-autospace:ideograph-numeric;text-autospace:ideograph-other;text-align:justify;line-height:125%;vertical-align:\"><span style=\"color:#000000\"><span style=\";font-size:14px;font-family:&#39;宋体&#39;\">1.&nbsp;<span style=\"font-family:宋体\">违反上述红色标志条例，负责人将予以劝退。</span></span></span></p><p style=\";margin-top:0;margin-bottom:0;text-autospace:ideograph-numeric;text-autospace:ideograph-other;text-align:justify;line-height:125%;vertical-align:\"><span style=\"color:#000000\"><span style=\";font-size:14px;font-family:&#39;宋体&#39;\">2.&nbsp;<span style=\"font-family:宋体\">因个人情况可能导致未来自己暂时不符合工作室要求者，需提前申请退出，否则视作自动放弃。</span></span></span></p><p style=\";margin-top:0;margin-bottom:0;text-autospace:ideograph-numeric;text-autospace:ideograph-other;text-align:justify;line-height:125%;vertical-align:\"><span style=\"color:#000000\"><span style=\";font-weight:bold;font-size:16px;font-family:&#39;黑体&#39;\">&nbsp;</span></span></p><p style=\";margin-top:0;margin-bottom:0;text-autospace:ideograph-numeric;text-autospace:ideograph-other;text-align:justify;line-height:125%;vertical-align:\"><span style=\"color:#000000\"><span style=\";font-size:14px;font-family:&#39;宋体&#39;\">&nbsp;</span></span></p><p><span style=\"color:#000000\"><br/></span></p>',1416663708),(21,126,21,'分享16条.htaccess文件设置技巧','<p class=\"p1\"><span class=\"s1\">分享16条.htaccess文件设置技巧</span></p><p class=\"p2\"><span class=\"s1\"></span><br/></p><p class=\"p1\"><span class=\"s1\">.htaccess 文件 (Hypertext Access file) 是Apache Web服务器的一个非常强大的配置文件，对于这个文件，Apache有一堆参数可以让你配置出几乎随心所欲的功能。.htaccess 配置文件坚持了Unix的一个文化——使用一个ASCII 的纯文本文件来配置你的网站的访问策略。</span></p><p class=\"p2\"><span class=\"s1\"></span><br/></p><p class=\"p1\"><span class=\"s1\">这篇文章包括了16个非常有用的小技巧。另外，因为.htaccess 是一个相当强大的配置文件，所以，一个轻微的语法错误会造成你整个网站的故障，所以，在你修改或是替换原有的文件时，一定要备份旧的文件，以便出现问题的时候可以方便的恢复。</span></p><p class=\"p2\"><span class=\"s1\"></span><br/></p><p class=\"p1\"><span class=\"s1\">1. 使用.htaccess 创建自定义的出错页面。对于Linux Apache来说这是一项极其简单的事情。使用下面的.htaccess语法你可以轻松的完成这一功能。（把.htaccess放在你的网站根目录下）</span></p><p class=\"p2\"><span class=\"s1\"></span><br/></p><p class=\"p1\"><span class=\"s1\">ErrorDocument 401 /error/401.php&nbsp;</span></p><p class=\"p1\"><span class=\"s1\">ErrorDocument 403 /error/403.php&nbsp;</span></p><p class=\"p1\"><span class=\"s1\">ErrorDocument 404 /error/404.php&nbsp;</span></p><p class=\"p1\"><span class=\"s1\">ErrorDocument 500 /error/500.php</span></p><p class=\"p2\"><span class=\"s1\"></span><br/></p><p class=\"p2\"><span class=\"s1\"></span><br/></p><p class=\"p1\"><span class=\"s1\">2. 设置网站的时区</span></p><p class=\"p2\"><span class=\"s1\"></span><br/></p><p class=\"p1\"><span class=\"s1\">SetEnv TZ America/Houston&nbsp;</span></p><p class=\"p2\"><span class=\"s1\"></span><br/></p><p class=\"p2\"><span class=\"s1\"></span><br/></p><p class=\"p1\"><span class=\"s1\">3. 阻止IP列表</span></p><p class=\"p1\"><span class=\"s1\">有些时候，你需要以IP地址的方式阻止一些访问。无论是对于一个IP地址还是一个网段，这都是一件非常简单的事情，如下所示：</span></p><p class=\"p2\"><span class=\"s1\"></span><br/></p><p class=\"p1\"><span class=\"s1\">allow from all&nbsp;</span></p><p class=\"p1\"><span class=\"s1\">deny from 145.186.14.122&nbsp;</span></p><p class=\"p1\"><span class=\"s1\">deny from 124.15&nbsp;</span></p><p class=\"p2\"><span class=\"s1\"></span><br/></p><p class=\"p2\"><span class=\"s1\"></span><br/></p><p class=\"p2\"><span class=\"s1\"></span><br/></p><p class=\"p1\"><span class=\"s1\">Apache对于被拒绝的IP会返回403错误。</span></p><p class=\"p2\"><span class=\"s1\"></span><br/></p><p class=\"p1\"><span class=\"s1\">4. 把一些老的链接转到新的链接上——搜索引擎优化SEO</span></p><p class=\"p2\"><span class=\"s1\"></span><br/></p><p class=\"p1\"><span class=\"s1\">Redirect 301 /d/file.htmlhttp://www.htaccesselite.com/r/file.html</span></p><p class=\"p2\"><span class=\"s1\"></span><br/></p><p class=\"p2\"><span class=\"s1\"></span><br/></p><p class=\"p1\"><span class=\"s1\">5. 为服务器管理员设置电子邮件。</span></p><p class=\"p2\"><span class=\"s1\"></span><br/></p><p class=\"p1\"><span class=\"s1\">ServerSignature EMail&nbsp;</span></p><p class=\"p1\"><span class=\"s1\">SetEnv SERVER_ADMINdefault@domain.com&nbsp;</span></p><p class=\"p2\"><span class=\"s1\"></span><br/></p><p class=\"p2\"><span class=\"s1\"></span><br/></p><p class=\"p1\"><span class=\"s1\">6. 使用.htaccess 访止盗链。如果你网站上的一个图片被别的N多的网站引用了，那么，这很有可能会导致你服务器的性能下降，使用下面的代码可以保护某些热门的链接不被过多的引用。</span></p><p class=\"p2\"><span class=\"s1\"></span><br/></p><p class=\"p1\"><span class=\"s1\">Options +FollowSymlinks&nbsp;</span></p><p class=\"p1\"><span class=\"s1\"># Protect Hotlinking&nbsp;</span></p><p class=\"p1\"><span class=\"s1\">RewriteEngine On&nbsp;</span></p><p class=\"p1\"><span class=\"s1\">RewriteCond %{HTTP_REFERER} !^$&nbsp;</span></p><p class=\"p1\"><span class=\"s1\">RewriteCond %{HTTP_REFERER} !^http://(www.)?domainname.com/[nc]&nbsp;</span></p><p class=\"p1\"><span class=\"s1\">RewriteRule .*.(gif|jpg|png)$http://domainname.com/img/hotlink_f_o.png[nc]&nbsp;</span></p><p class=\"p2\"><span class=\"s1\"></span><br/></p><p class=\"p2\"><span class=\"s1\"></span><br/></p><p class=\"p2\"><span class=\"s1\"></span><br/></p><p class=\"p1\"><span class=\"s1\">7. 阻止 User Agent 的所有请求</span></p><p class=\"p2\"><span class=\"s1\"></span><br/></p><p class=\"p1\"><span class=\"s1\">## .htaccess Code :: BEGIN&nbsp;</span></p><p class=\"p1\"><span class=\"s1\">## Block Bad Bots by user-Agent&nbsp;</span></p><p class=\"p1\"><span class=\"s1\">SetEnvIfNoCase user-Agent ^FrontPage [NC,OR]&nbsp;</span></p><p class=\"p1\"><span class=\"s1\">SetEnvIfNoCase user-Agent ^Java.* [NC,OR]&nbsp;</span></p><p class=\"p1\"><span class=\"s1\">SetEnvIfNoCase user-Agent ^Microsoft.URL [NC,OR]&nbsp;</span></p><p class=\"p1\"><span class=\"s1\">SetEnvIfNoCase user-Agent ^MSFrontPage [NC,OR]&nbsp;</span></p><p class=\"p1\"><span class=\"s1\">SetEnvIfNoCase user-Agent ^Offline.Explorer [NC,OR]&nbsp;</span></p><p class=\"p1\"><span class=\"s1\">SetEnvIfNoCase user-Agent ^[Ww]eb[Bb]andit [NC,OR]&nbsp;</span></p><p class=\"p1\"><span class=\"s1\">SetEnvIfNoCase user-Agent ^Zeus [NC]&nbsp;</span></p><p class=\"p2\"><span class=\"s1\"></span><br/></p><p class=\"p1\"><span class=\"s1\">Order Allow,Deny&nbsp;</span></p><p class=\"p1\"><span class=\"s1\">Allow from all&nbsp;</span></p><p class=\"p1\"><span class=\"s1\">Deny from env=bad_bot&nbsp;</span></p><p class=\"p2\"><span class=\"s1\"></span><br/></p><p class=\"p1\"><span class=\"s1\">## .htaccess Code :: END&nbsp;</span></p><p class=\"p2\"><span class=\"s1\"></span><br/></p><p class=\"p2\"><span class=\"s1\"></span><br/></p><p class=\"p2\"><span class=\"s1\"></span><br/></p><p class=\"p1\"><span class=\"s1\">8. 把某些特殊的IP地址的请求重定向到别的站点</span></p><p class=\"p2\"><span class=\"s1\"></span><br/></p><p class=\"p1\"><span class=\"s1\">ErrorDocument 403http://www.youdomain.com&nbsp;</span></p><p class=\"p1\"><span class=\"s1\">Order deny,allow&nbsp;</span></p><p class=\"p1\"><span class=\"s1\">Deny from all&nbsp;</span></p><p class=\"p1\"><span class=\"s1\">Allow from 124.34.48.165&nbsp;</span></p><p class=\"p1\"><span class=\"s1\">Allow from 102.54.68.123&nbsp;</span></p><p class=\"p2\"><span class=\"s1\"></span><br/></p><p class=\"p2\"><span class=\"s1\"></span><br/></p><p class=\"p2\"><span class=\"s1\"></span><br/></p><p class=\"p1\"><span class=\"s1\">9. 直接找开文件而不是下载– 通常，我们打开网上文件的时候总是会出现一个对话框问我们是下载还是直接打开，使用下面的设置就不会出现这个问题了，直接打开。</span></p><p class=\"p2\"><span class=\"s1\"></span><br/></p><p class=\"p1\"><span class=\"s1\">AddType application/octet-stream .pdf&nbsp;</span></p><p class=\"p1\"><span class=\"s1\">AddType application/octet-stream .zip&nbsp;</span></p><p class=\"p1\"><span class=\"s1\">AddType application/octet-stream .mov&nbsp;</span></p><p class=\"p2\"><span class=\"s1\"></span><br/></p><p class=\"p2\"><span class=\"s1\"></span><br/></p><p class=\"p2\"><span class=\"s1\"></span><br/></p><p class=\"p1\"><span class=\"s1\">10. 修改文件类型– 下面的示例可以让任何的文件都成为PHP那么被服务器解释。比如：myphp, cgi，phtml等。</span></p><p class=\"p2\"><span class=\"s1\"></span><br/></p><p class=\"p1\"><span class=\"s1\">ForceType application/x-httpd-php&nbsp;</span></p><p class=\"p1\"><span class=\"s1\">SetHandler application/x-httpd-php&nbsp;</span></p><p class=\"p2\"><span class=\"s1\"></span><br/></p><p class=\"p2\"><span class=\"s1\"></span><br/></p><p class=\"p1\"><span class=\"s1\">11. 阻止存取.htaccess 文件</span></p><p class=\"p2\"><span class=\"s1\"></span><br/></p><p class=\"p1\"><span class=\"s1\"># secure htaccess file&nbsp;</span></p><p class=\"p2\"><span class=\"s1\"></span><br/></p><p class=\"p1\"><span class=\"s1\">order allow,deny&nbsp;</span></p><p class=\"p1\"><span class=\"s1\">deny from all&nbsp;</span></p><p class=\"p2\"><span class=\"s1\"></span><br/></p><p class=\"p2\"><span class=\"s1\"></span><br/></p><p class=\"p1\"><span class=\"s1\">12. 保护服务器上的文件被存取</span></p><p class=\"p2\"><span class=\"s1\"></span><br/></p><p class=\"p1\"><span class=\"s1\"># prevent access of a certain fileorder allow,deny&nbsp;</span></p><p class=\"p1\"><span class=\"s1\">deny from all&nbsp;</span></p><p class=\"p2\"><span class=\"s1\"></span><br/></p><p class=\"p2\"><span class=\"s1\"></span><br/></p><p class=\"p1\"><span class=\"s1\">13. 阻止目录浏览</span></p><p class=\"p2\"><span class=\"s1\"></span><br/></p><p class=\"p1\"><span class=\"s1\"># disable directory browsing&nbsp;</span></p><p class=\"p1\"><span class=\"s1\">Options All -Indexes&nbsp;</span></p><p class=\"p2\"><span class=\"s1\"></span><br/></p><p class=\"p2\"><span class=\"s1\"></span><br/></p><p class=\"p2\"><span class=\"s1\"></span><br/></p><p class=\"p1\"><span class=\"s1\">14. 设置默认主页</span></p><p class=\"p2\"><span class=\"s1\"></span><br/></p><p class=\"p1\"><span class=\"s1\"># serve alternate default index page&nbsp;</span></p><p class=\"p1\"><span class=\"s1\">DirectoryIndex about.html&nbsp;</span></p><p class=\"p2\"><span class=\"s1\"></span><br/></p><p class=\"p2\"><span class=\"s1\"></span><br/></p><p class=\"p2\"><span class=\"s1\"></span><br/></p><p class=\"p1\"><span class=\"s1\">15. 口令认证– 你可以创建一个文件用于认证。下面是一个示例：</span></p><p class=\"p2\"><span class=\"s1\"></span><br/></p><p class=\"p1\"><span class=\"s1\"># to protect a file&nbsp;</span></p><p class=\"p2\"><span class=\"s1\"></span><br/></p><p class=\"p1\"><span class=\"s1\">AuthType Basic&nbsp;</span></p><p class=\"p1\"><span class=\"s1\">AuthName “Prompt”&nbsp;</span></p><p class=\"p1\"><span class=\"s1\">AuthUserFile /home/path/.htpasswd&nbsp;</span></p><p class=\"p1\"><span class=\"s1\">Require valid-user&nbsp;</span></p><p class=\"p2\"><span class=\"s1\"></span><br/></p><p class=\"p1\"><span class=\"s1\"># password-protect a directory&nbsp;</span></p><p class=\"p1\"><span class=\"s1\">resides&nbsp;</span></p><p class=\"p1\"><span class=\"s1\">AuthType basic&nbsp;</span></p><p class=\"p1\"><span class=\"s1\">AuthName “This directory is protected”&nbsp;</span></p><p class=\"p1\"><span class=\"s1\">AuthUserFile /home/path/.htpasswd&nbsp;</span></p><p class=\"p1\"><span class=\"s1\">AuthGroupFile /dev/null&nbsp;</span></p><p class=\"p1\"><span class=\"s1\">Require valid-user&nbsp;</span></p><p class=\"p2\"><span style=\"line-height: 1.72222;\"><br/></span></p><p class=\"p2\"><span style=\"line-height: 1.72222;\">16. 把老的域名转像新的域名</span></p><p class=\"p1\"><span class=\"s1\"># redirect from old domain to new domain&nbsp;</span></p><p class=\"p1\"><span class=\"s1\">RewriteEngine On&nbsp;</span></p><p class=\"p1\"><span class=\"s1\">RewriteRule ^(.*)$http://www.yourdomain.com/$1[R=301,L]&nbsp;</span></p><p><br/></p>',1417693812),(22,131,21,'title','<p>title</p>',1417829703),(23,132,41,'ThinkPHP开发手册','<p style=\"margin-top: 0px; margin-bottom: 0px; padding: 8px 0px; color: rgb(64, 64, 64); font-family: 微软雅黑; font-size: 16px; line-height: 27.2000007629395px; white-space: normal;\">ThinkPHP是一个快速、简单的基于MVC和面向对象的轻量级PHP开发框架，遵循Apache2开源协议发布，从诞生以来一直秉承简洁实用的设计原则，在保持出色的性能和至简的代码的同时，尤其注重开发体验和易用性，并且拥有众多的原创功能和特性，为WEB应用开发提供了强有力的支持。</p><p style=\"margin-top: 0px; margin-bottom: 0px; padding: 8px 0px; color: rgb(64, 64, 64); font-family: 微软雅黑; font-size: 16px; line-height: 27.2000007629395px; white-space: normal;\">3.2版本则在原来的基础上进行一些架构的调整，引入了命名空间支持和模块化的完善，为大型应用和模块化开发提供了更多的便利。</p><p><br/></p>',1417871628),(24,132,41,'ThinkPHP开发手册','<p style=\"margin-top: 0px; margin-bottom: 0px; padding: 8px 0px; color: rgb(64, 64, 64); font-family: 微软雅黑; font-size: 16px; line-height: 27.2000007629395px; white-space: normal;\">ThinkPHP是一个快速、简单的基于MVC和面向对象的轻量级PHP开发框架，遵循Apache2开源协议发布，从诞生以来一直秉承简洁实用的设计原则，在保持出色的性能和至简的代码的同时，尤其注重开发体验和易用性，并且拥有众多的原创功能和特性，为WEB应用开发提供了强有力的支持。</p><p style=\"margin-top: 0px; margin-bottom: 0px; padding: 8px 0px; color: rgb(64, 64, 64); font-family: 微软雅黑; font-size: 16px; line-height: 27.2000007629395px; white-space: normal;\">3.2版本则在原来的基础上进行一些架构的调整，引入了命名空间支持和模块化的完善，为大型应用和模块化开发提供了更多的便利。</p><p><br/></p>',1417871633),(25,133,41,'本学期上班学期的总结','<p>请同学们总结一下上半学期的工作和学习情况</p>',1417873221),(26,134,41,'袂卓第三次会议的相关文档','<p>最近费用的支出以及会员们的学习情况</p><p>下面是本次会议的相关文档，请成员们认真查看：</p>',1417873624),(27,135,41,'袂卓第四次会议的相关文档','<p style=\"margin-top: 0px; margin-bottom: 15px; font-family: Lato, Helvetica, Arial, sans-serif; white-space: normal;\">最近费用的支出以及会员们的学习情况</p><p style=\"margin-top: 0px; margin-bottom: 15px; font-family: Lato, Helvetica, Arial, sans-serif; white-space: normal;\">下面是本次会议的相关文档，请成员们认真查看：</p><p><br/></p>',1417875948);
/*!40000 ALTER TABLE `qc_document` ENABLE KEYS */;
UNLOCK TABLES;

--
-- Table structure for table `qc_joinmeet`
--

DROP TABLE IF EXISTS `qc_joinmeet`;
/*!40101 SET @saved_cs_client     = @@character_set_client */;
/*!40101 SET character_set_client = utf8 */;
CREATE TABLE `qc_joinmeet` (
  `id` int(11) NOT NULL AUTO_INCREMENT COMMENT '自增长id',
  `meetid` int(11) NOT NULL COMMENT '会议id',
  `memberid` int(11) NOT NULL COMMENT '会员id',
  `checkin` int(2) NOT NULL DEFAULT '0' COMMENT '签到(0未签到1已填到)',
  `powerid` int(11) NOT NULL COMMENT '会议中的身份',
  `stime` int(10) NOT NULL COMMENT '参加会议',
  `checkin_time` int(10) DEFAULT '0' COMMENT '签到时间',
  PRIMARY KEY (`id`)
) ENGINE=InnoDB AUTO_INCREMENT=74 DEFAULT CHARSET=utf8;
/*!40101 SET character_set_client = @saved_cs_client */;

--
-- Dumping data for table `qc_joinmeet`
--

LOCK TABLES `qc_joinmeet` WRITE;
/*!40000 ALTER TABLE `qc_joinmeet` DISABLE KEYS */;
INSERT INTO `qc_joinmeet` VALUES (4,1,11,0,0,1416319788,NULL),(5,124,11,0,0,1416375149,NULL),(6,125,11,0,0,1416375599,NULL),(9,127,9,0,0,1416451128,NULL),(12,126,26,0,0,1416629119,NULL),(13,0,21,0,0,1416636939,NULL),(14,0,21,0,0,1416636953,NULL),(15,0,21,0,0,1416636963,NULL),(16,0,21,0,0,1416640375,NULL),(17,0,26,0,0,1416642080,NULL),(18,0,26,0,0,1416642101,NULL),(19,0,26,0,0,1416642112,NULL),(21,0,12,0,0,1416665733,NULL),(23,0,28,0,0,1416665830,NULL),(25,128,28,0,0,1416666019,NULL),(29,128,26,0,0,1416668180,NULL),(30,128,21,0,0,1416668479,NULL),(33,128,31,0,0,1416748477,NULL),(36,128,11,0,0,1416750463,NULL),(37,128,12,0,0,1416750498,NULL),(38,128,33,0,0,1417074535,NULL),(39,126,11,1,0,1417101604,1417141107),(50,126,35,0,0,1417144220,0),(51,126,21,0,0,1417152975,0),(52,129,21,0,0,1417154359,0),(53,130,21,0,0,1417154510,0),(55,130,12,0,0,1417164940,0),(56,130,26,0,0,1417182335,0),(60,126,12,0,0,1417665580,0),(63,132,41,0,0,1417871290,0),(64,133,41,0,0,1417871519,0),(66,126,42,0,0,1417872779,0),(67,133,26,0,0,1417873150,0),(68,133,21,0,0,1417873174,0),(69,134,41,0,0,1417873420,0),(70,134,26,0,0,1417874659,0),(71,135,41,0,0,1417875694,0),(72,135,21,0,0,1417876232,0),(73,135,26,0,0,1417876311,0);
/*!40000 ALTER TABLE `qc_joinmeet` ENABLE KEYS */;
UNLOCK TABLES;

--
-- Table structure for table `qc_meet`
--

DROP TABLE IF EXISTS `qc_meet`;
/*!40101 SET @saved_cs_client     = @@character_set_client */;
/*!40101 SET character_set_client = utf8 */;
CREATE TABLE `qc_meet` (
  `id` int(11) NOT NULL AUTO_INCREMENT COMMENT '自增长id',
  `title` varchar(256) NOT NULL COMMENT '会议主题',
  `intro` varchar(2048) NOT NULL COMMENT '会议介绍',
  `address` varchar(526) NOT NULL COMMENT '会议地址',
  `createmember` int(11) NOT NULL COMMENT '创建人id',
  `weight` int(11) NOT NULL COMMENT '会议权值',
  `starttime` int(10) NOT NULL COMMENT '会议开始时间',
  `endtime` int(10) NOT NULL COMMENT '会议介绍时间',
  PRIMARY KEY (`id`)
) ENGINE=InnoDB AUTO_INCREMENT=136 DEFAULT CHARSET=utf8;
/*!40101 SET character_set_client = @saved_cs_client */;

--
-- Dumping data for table `qc_meet`
--

LOCK TABLES `qc_meet` WRITE;
/*!40000 ALTER TABLE `qc_meet` DISABLE KEYS */;
INSERT INTO `qc_meet` VALUES (11,'好的','你妹','没做',11,0,1411651825,1411657200),(12,'好的','你妹','没做',11,0,1411651825,1411657200),(13,'No need','你妹','北主楼1609',11,0,1415710825,1415714425),(14,'好的','你妹','没做',11,0,1411651825,1411657200),(16,'No need','你妹','北主楼1609',11,0,1415710825,1415714425),(17,'好的','你妹','没做',11,0,1411651825,1411657200),(18,'好的','你妹','没做',11,0,1411651825,1411657200),(19,'好的','你妹','没做',11,0,1411651825,1411657200),(20,'No need','第一次','北主楼1609',11,0,1415710825,1415714425),(21,'会议','第一次','江门',11,0,1411651825,1411651825),(22,'No need','第一次','北主楼1609',11,0,1415710825,1415714425),(23,'会议','第一次','江门',11,0,1411651825,1411651825),(24,'会议','第一次','江门',11,0,1411651825,1411651825),(25,'第一次会议','','工作室',11,0,1411651825,1411655425),(26,'第一次会议','','工作室',11,0,1411651825,1411655425),(27,'第一次会议','','工作室',11,0,1411651825,1411655425),(28,'开源','','江门',11,0,1411655425,1411651825),(29,'开源','','江门',11,0,1411655425,1411651825),(30,'开源','','江门',11,0,1411655425,1411651825),(31,'开源','','江门',11,0,1411655425,1411651825),(32,'开源','','江门',11,0,1411655425,1411651825),(33,'开源','','江门',11,0,1411655425,1411651825),(34,'开源','','江门',11,0,1411655425,1411651825),(35,'开源','','江门',11,0,1411655425,1411651825),(36,'好的','你妹','没做',11,0,1411651825,1411657200),(37,'好的','你妹','没做',11,0,1411651825,1411657200),(38,'好的','你妹','没做',11,0,1411651825,1411657200),(39,'好的','你妹','没做',11,0,1411651825,1411657200),(40,'好的','你妹','没做',11,0,1411651825,1411657200),(41,'好的','你妹','没做',11,0,1411651825,1411657200),(42,'好的','你妹','没做',11,0,1411651825,1411657200),(43,'好的','你妹','没做',11,0,1411651825,1411657200),(44,'会偶','','这里',11,0,1411651825,1411655425),(45,'会偶','','这里',11,0,1411651825,1411655425),(46,'会偶','','这里',11,0,1411651825,1411655425),(47,'会偶','','这里',11,0,1411651825,1411655425),(48,'会偶','','这里',11,0,1411651825,1411655425),(49,'会偶','','这里',11,0,1411651825,1411655425),(50,'会偶','','这里',11,0,1411651825,1411655425),(51,'会偶','','这里',11,0,1411651825,1411655425),(52,'会偶','','这里',11,0,1411651825,1411655425),(53,'会偶','','这里',11,0,1411651825,1411655425),(54,'会偶','','这里',11,0,1411651825,1411655425),(55,'会偶','','这里',11,0,1411651825,1411655425),(56,'会偶','','这里',11,0,1411651825,1411655425),(57,'会偶','','这里',11,0,1411651825,1411655425),(58,'会偶','','这里',11,0,1411651825,1411655425),(59,'开始','','这里',11,0,1411651825,1411651825),(60,'开始','','这里',11,0,1411651825,1411651825),(61,'开始','','这里',11,0,1411651825,1411651825),(62,'开始','','这里',11,0,1411651825,1411651825),(63,'开始','','这里',11,0,1411651825,1411651825),(64,'开始','','这里',11,0,1411651825,1411651825),(65,'开始','','这里',11,0,1411651825,1411651825),(66,'开始','','这里',11,0,1411651825,1411651825),(67,'开始','','这里',11,0,1411651825,1411651825),(68,'开始','','这里',11,0,1411651825,1411651825),(69,'开始','','这里',11,0,1411651825,1411651825),(70,'开始','','这里',11,0,1411651825,1411651825),(71,'开始','','这里',11,0,1411651825,1411651825),(72,'开始','','这里',11,0,1411651825,1411651825),(73,'开始','','这里',11,0,1411651825,1411651825),(74,'开始','','这里',11,0,1411651825,1411651825),(75,'开始','','这里',11,0,1411651825,1411651825),(76,'开始','','这里',11,0,1411651825,1411651825),(77,'开始','','这里',11,0,1411651825,1411651825),(78,'开始','','这里',11,0,1411651825,1411651825),(79,'开始','','这里',11,0,1411651825,1411651825),(80,'开始','','这里',11,0,1411651825,1411651825),(81,'开始','','这里',11,0,1411651825,1411651825),(82,'开始','','这里',11,0,1411651825,1411651825),(83,'开始','','这里',11,0,1411651825,1411651825),(84,'开始','','这里',11,0,1411651825,1411655425),(85,'开始','','这里',11,0,1411651825,1411655425),(86,'开始','','这里',11,0,1411651825,1411655425),(87,'开始','','这里',11,0,1411651825,1411655425),(88,'开始','','这里',11,0,1411651825,1411655425),(89,'开始','','这里',11,0,1411651825,1411655425),(90,'开始','','这里',11,0,1411651825,1411655425),(91,'开始','','这里',11,0,1411651825,1411655425),(92,'开始','','这里',11,0,1411651825,1411655425),(93,'开始','','这里',11,0,1411651825,1411655425),(94,'开始','','这里',11,0,1411651825,1411655425),(95,'开始','','这里',11,0,1411651825,1411655425),(96,'开始','','这里',11,0,1411651825,1411655425),(97,'开始','','这里',11,0,1411651825,1411655425),(98,'开始','','这里',11,0,1411651825,1411655425),(99,'开始','','这里',11,0,1411651825,1411655425),(100,'开始','','这里',11,0,1411651825,1411655425),(101,'开始前会议','','滑板鞋',11,0,1411651825,1411655425),(102,'开始前会议','','滑板鞋',11,0,1411651825,1411655425),(103,'开始前会议','','滑板鞋',11,0,1411651825,1411655425),(104,'开始前会议','','滑板鞋',11,0,1411651825,1411655425),(105,'开始前会议','','滑板鞋',11,0,1411651825,1411655425),(106,'开始前会议','','滑板鞋',11,0,1411651825,1411655425),(107,'开始前会议','','滑板鞋',11,0,1411651825,1411655425),(108,'开始前会议','','滑板鞋',11,0,1411651825,1411655425),(109,'开始前会议','','滑板鞋',11,0,1411651825,1411655425),(110,'开始前会议','','滑板鞋',11,0,1411651825,1411655425),(111,'开会','','卧槽',11,0,1411651825,1411651825),(112,'开会','','卧槽',11,0,1411651825,1411651825),(113,'开会','','卧槽',11,0,1411651825,1411651825),(114,'开会','','卧槽',11,0,1411651825,1411651825),(115,'开会','','卧槽',11,0,1411651825,1411651825),(116,'开会','','卧槽',11,0,1411651825,1411651825),(117,'开会','','卧槽',11,0,1411651825,1411651825),(118,'开会','','卧槽',11,0,1411651825,1411651825),(119,'开会','','卧槽',11,0,1411651825,1411651825),(120,'开会','','卧槽',11,0,1411651825,1411651825),(121,'开会','','卧槽',11,0,1411651825,1411651825),(122,'nice','','wyu',11,0,1356969600,1356969600),(123,'nice','','wyu',11,0,1356969600,1356969600),(125,'炼哥','','炼哥逗比',11,0,1304438400,1307462400),(126,'ThinkPHP分享会','讲述使用ThinkPHP时跳过的坑','北主楼1608',12,0,1416368460,1416454860),(127,'the meeting','','北主楼1608',9,0,1415635200,1415635200),(129,'MySQL share','分享mysql相关技术','北主楼1603',21,0,1419470400,1419567600),(130,'袂卓第12周全体会议','第12周全体会议，请各组长总结好过去2周的学习情况。方便汇报','北主楼1605',21,0,1417174200,1417185000),(131,'test','test on','wyu',21,0,1418749260,1419526860),(132,'ThinkPHP的函数讲解','ThinkPHP提供了大量的函数，如M()、D()、I()、F()、C()、函数等单字母函数，这些函数大大方便了开发者的操作，提高了整个程序的安全性。\n另外还会讨论create()、add()、save()、find()、select()等方法的使用和注意事项。','吕志和大礼堂',41,0,1417953600,1417960800),(133,'袂卓第10周全体会议','本次会议主要总结一下过去一段时间的学习情况和接下来的学习计划安排等。\n另外需要总结一下哪些不足。','北主楼801',41,0,1417914000,1417919400),(134,'袂卓第三次大会','本次会议总结一下这个月的工作情况和学习情况，各会员汇报一下近排的学习情况以及接下来的任务和计划。','袂卓1608',41,0,1418000400,1418005800),(135,'袂卓第四次大会','本次会议总结一下本月的工作情况和学习情况，各会员汇报一下近排的学习情况以及接下来的任务和计划。','袂卓1608',41,0,1418004000,1418009400);
/*!40000 ALTER TABLE `qc_meet` ENABLE KEYS */;
UNLOCK TABLES;

--
-- Table structure for table `qc_member`
--

DROP TABLE IF EXISTS `qc_member`;
/*!40101 SET @saved_cs_client     = @@character_set_client */;
/*!40101 SET character_set_client = utf8 */;
CREATE TABLE `qc_member` (
  `id` int(11) NOT NULL AUTO_INCREMENT COMMENT '自增长id',
  `username` varchar(32) NOT NULL COMMENT '用户名',
  `nickname` varchar(32) DEFAULT NULL COMMENT '昵称',
  `password` varchar(32) NOT NULL COMMENT '密码',
  `sex` char(1) NOT NULL COMMENT '性别',
  `company` varchar(128) DEFAULT NULL COMMENT '公司',
  `position` varchar(128) DEFAULT NULL COMMENT '职位',
  `phone` varchar(64) DEFAULT NULL COMMENT '电话',
  `email` varchar(64) NOT NULL COMMENT '电子邮箱',
  `birth` int(10) DEFAULT NULL COMMENT '生日',
  `ctime` int(10) NOT NULL COMMENT '注册日期',
  `cIP` varchar(32) NOT NULL COMMENT '注册ip',
  `lasttime` int(10) NOT NULL COMMENT '最后一次登录时间',
  `lastIP` varchar(32) NOT NULL COMMENT '最后一次登录ip',
  PRIMARY KEY (`id`),
  UNIQUE KEY `username` (`username`)
) ENGINE=InnoDB AUTO_INCREMENT=47 DEFAULT CHARSET=utf8;
/*!40101 SET character_set_client = @saved_cs_client */;

--
-- Dumping data for table `qc_member`
--

LOCK TABLES `qc_member` WRITE;
/*!40000 ALTER TABLE `qc_member` DISABLE KEYS */;
INSERT INTO `qc_member` VALUES (9,'admine','admine','202cb962ac59075b964b07152d234b70','m',NULL,NULL,NULL,'123456@qq.com',1356969600,1416295788,'221.4.190.120',1416295788,'221.4.190.120'),(10,'admine1','admine1','e10adc3949ba59abbe56e057f20f883e','m',NULL,NULL,NULL,'123456@qq.com',1356969600,1416295865,'221.4.190.120',1416295865,'221.4.190.120'),(11,'jaking','jaking','b59c67bf196a4758191e42f76670ceba','m',NULL,NULL,NULL,'771993313@qq.com',0,1416316761,'221.4.190.91',1416316761,'221.4.190.91'),(12,'jacky','jacky','b59c67bf196a4758191e42f76670ceba','m','IBM','shenmegui','123','771993313@qq.com',1417276800,1416366515,'221.4.190.91',1416366515,'221.4.190.91'),(13,'ting','jacky','b59c67bf196a4758191e42f76670ceba','m',NULL,NULL,NULL,'771993313@qq.com',0,1416366536,'221.4.190.91',1416366536,'221.4.190.91'),(14,'admin1','admin1','202cb962ac59075b964b07152d234b70','m',NULL,NULL,NULL,'123456@qq.com',1356969600,1416366553,'221.4.190.48',1416366553,'221.4.190.48'),(15,'admin2','nickname2','202cb962ac59075b964b07152d234b70','f',NULL,NULL,NULL,'2333@qq.com',0,1416368694,'221.4.190.48',1416368694,'221.4.190.48'),(16,'admine3','admine3','202cb962ac59075b964b07152d234b70','m',NULL,NULL,NULL,'',0,1416405105,'221.4.190.120',1416405105,'221.4.190.120'),(17,'en','en','202cb962ac59075b964b07152d234b70','m',NULL,NULL,NULL,'',0,1416405226,'221.4.190.120',1416405226,'221.4.190.120'),(18,'admine5','admine3','202cb962ac59075b964b07152d234b70','f',NULL,NULL,NULL,'',0,1416447941,'221.4.190.120',1416447941,'221.4.190.120'),(19,'admine6','admine3','e10adc3949ba59abbe56e057f20f883e','m',NULL,NULL,NULL,'123456@qq.com',1356969600,1416448425,'221.4.190.120',1416448425,'221.4.190.120'),(20,'jayin','jayin ','82fe2ff113ee6e7a1808161b506eee75','m',NULL,NULL,NULL,'g@qq.com',0,1416497503,'120.197.202.41',1416497503,'120.197.202.41'),(21,'jayin1','Jayin Ton','202cb962ac59075b964b07152d234b70','m','袂卓工作室','打杂的','15088132354','tonjayin@gmail.com',785952000,1416497871,'120.197.196.72',1416497871,'120.197.196.72'),(22,'ww','ww','202cb962ac59075b964b07152d234b70','m',NULL,NULL,NULL,'qq@ww.com',0,1416535918,'221.4.190.48',1416535918,'221.4.190.48'),(23,'www','ww','202cb962ac59075b964b07152d234b70','m',NULL,NULL,NULL,'ww@qq.comw',0,1416536882,'221.4.190.48',1416536882,'221.4.190.48'),(24,'test1','jayin','202cb962ac59075b964b07152d234b70','m',NULL,NULL,NULL,'test@qq.com',0,1416537015,'221.4.190.48',1416537015,'221.4.190.48'),(25,'admine61','admine61','202cb962ac59075b964b07152d234b70','m',NULL,NULL,NULL,'1234567@qq.com',1356969600,1416579479,'221.4.190.78',1416579479,'221.4.190.78'),(26,'zhlhuang','黄振炼','7f6ffaa6bb0b408017b62254211691b5','m','袂卓建材搬运有限公司','董事长','15088132444','364626853@qq.com',729964800,1416629070,'221.4.190.108',1416629070,'221.4.190.108'),(27,'jason','杨先生','b59c67bf196a4758191e42f76670ceba','m',NULL,NULL,NULL,'782394631@qq.com',0,1416662996,'221.4.190.48',1416662996,'221.4.190.48'),(28,'Simon','杨生','827ccb0eea8a706c4c34a16891f84e7b','m',NULL,NULL,NULL,'1944291295@qq.com',0,1416665781,'221.4.190.108',1416665781,'221.4.190.108'),(29,'Lov_MP','梦梦哒','486cd6aaa144f8b8e3e52236a9a504b3','f',NULL,NULL,NULL,'910858020@qq.com',0,1416667542,'27.45.2.22',1416667542,'27.45.2.22'),(30,'qqq','abc','698d51a19d8a121ce581499d7b701668','m',NULL,NULL,NULL,'36666@qq.com',0,1416704461,'27.45.39.94',1416704461,'27.45.39.94'),(31,'zjien','zjien','71e965caeeb88b7eb383d999566e293b','m',NULL,NULL,NULL,'694396727@qq.com',0,1416748360,'221.4.190.108',1416748360,'221.4.190.108'),(32,'zjien1','李莉慧','71e965caeeb88b7eb383d999566e293b','f','微软中国','销售经理',NULL,'1873866421@qq.con',626284800,1416749081,'221.4.190.108',1416749081,'221.4.190.108'),(33,'xo5506589','huangruichang','2c14e97e90f1f5196f8828e2cec67d67','m',NULL,NULL,NULL,'532079207@qq.com',0,1417073934,'183.54.70.98',1417073934,'183.54.70.98'),(34,'sjl58328212','宋靖龙','3d8af7495067e40b211a3409239fa220','m',NULL,NULL,NULL,'58328212@qq.com',0,1417101330,'60.247.14.42',1417101330,'60.247.14.42'),(35,'fritx','fritx','b59c67bf196a4758191e42f76670ceba','m','袂卓','安卓组员','18814182436','769562065@163.com',1417104000,1417141401,'221.4.190.155',1417141401,'221.4.190.155'),(36,'mankwan','manwan','273988ab10493f9d50cea7e7aca6b6bd','f','袂卓工作室','学生','18814182651','582604267@qq.com',0,1417164610,'221.4.190.155',1417164610,'221.4.190.155'),(37,'灰烬之灵','灰烬之灵','02a7df1219e9cb3d4ffe5ede8bb4478b','m','五邑大学',NULL,NULL,'894717510@qq.com',0,1417516117,'27.45.36.87',1417516117,'27.45.36.87'),(38,'Jasonlee','Jason','b59c67bf196a4758191e42f76670ceba','m','袂卓操作系统','安卓','13692658343','769562065@163.com',0,1417701933,'221.4.190.25',1417701933,'221.4.190.25'),(39,'Zhiwei','Zhaoyun','e10adc3949ba59abbe56e057f20f883e','m',NULL,NULL,NULL,'374797943@qq.com',0,1417796983,'27.45.32.182',1417796983,'27.45.32.182'),(40,'Taylor','Taylor','e10adc3949ba59abbe56e057f20f883e','m',NULL,NULL,NULL,'2996094870@qq.com',0,1417870849,'221.4.190.43',1417870849,'221.4.190.43'),(41,'王华','黄伟华','e10adc3949ba59abbe56e057f20f883e','m','谷歌','技术人员',NULL,'299600@qq.com',494784000,1417870978,'221.4.190.43',1417870978,'221.4.190.43'),(42,'邹女士','邹女士','a0e1e4e03d4136fd436b493aa0271619','f',NULL,NULL,NULL,'1362707602@qq.com',0,1417872727,'221.4.190.120',1417872727,'221.4.190.120'),(43,'aaa','梁嘉敏','698d51a19d8a121ce581499d7b701668','f','万达集团','前台销售','135555555','ljm@qq.com',0,1417874968,'112.96.129.143',1417874968,'112.96.129.143'),(44,'tay','梁黎振','e10adc3949ba59abbe56e057f20f883e','m','优博','经理',NULL,'154967523@qq.con',1415376000,1417875006,'221.4.190.120',1417875006,'221.4.190.120'),(45,'bbb','张剑伟','698d51a19d8a121ce581499d7b701668','m','糗事百科科技有限公司','前端工程师','1524639785','gajshxu@163.com',0,1417875136,'112.96.129.143',1417875136,'112.96.129.143'),(46,'john','wake','d5c186983b52c4551ee00f72316c6eaa','m','呵呵','嘻嘻','1234567986','15088132439@163.com',-28800,1418000140,'112.96.109.169',1418000140,'112.96.109.169');
/*!40000 ALTER TABLE `qc_member` ENABLE KEYS */;
UNLOCK TABLES;

--
-- Table structure for table `qc_push_message`
--

DROP TABLE IF EXISTS `qc_push_message`;
/*!40101 SET @saved_cs_client     = @@character_set_client */;
/*!40101 SET character_set_client = utf8 */;
CREATE TABLE `qc_push_message` (
  `id` int(11) NOT NULL AUTO_INCREMENT COMMENT '自增长id',
  `to` text NOT NULL COMMENT '发送对象(a:全部,p_xx个人,，m_xx会议群组)',
  `author` int(11) NOT NULL COMMENT '创建人id',
  `ctime` int(10) NOT NULL COMMENT '创建时间',
  `content` text NOT NULL COMMENT '发送内容',
  `type` int(2) NOT NULL COMMENT '发送对象类型(1全部，2会议群组，3个人)',
  `msg_id` int(11) NOT NULL DEFAULT '0' COMMENT 'jpush返回的推送消息id，若不为0,说明已经发送成功',
  PRIMARY KEY (`id`)
) ENGINE=InnoDB AUTO_INCREMENT=6 DEFAULT CHARSET=utf8 COMMENT='推送消息表';
/*!40101 SET character_set_client = @saved_cs_client */;

--
-- Dumping data for table `qc_push_message`
--

LOCK TABLES `qc_push_message` WRITE;
/*!40000 ALTER TABLE `qc_push_message` DISABLE KEYS */;
INSERT INTO `qc_push_message` VALUES (1,'m_131',21,1417830135,'tset',2,1760697242),(2,'m_133',41,1417874102,'[袂卓10周会议紧急通知:]会议地点改至北主楼1608，请相互告之！',2,470701007),(3,'m_133',21,1417877376,'袂卓会议:会议地点改至北主楼1608',2,1764185056),(4,'m_126',21,1417877748,'会议地点改变到北主楼1608',2,470957231),(5,'m_135',21,1417877770,'袂卓会议：会议改到1608',2,470958634);
/*!40000 ALTER TABLE `qc_push_message` ENABLE KEYS */;
UNLOCK TABLES;

--
-- Table structure for table `qc_relation`
--

DROP TABLE IF EXISTS `qc_relation`;
/*!40101 SET @saved_cs_client     = @@character_set_client */;
/*!40101 SET character_set_client = utf8 */;
CREATE TABLE `qc_relation` (
  `id` int(11) NOT NULL AUTO_INCREMENT COMMENT '自增长id',
  `groupid` int(11) DEFAULT '0' COMMENT '所属组id',
  `hostmemberid` int(11) NOT NULL COMMENT '主人id',
  `vicememberid` int(11) NOT NULL COMMENT '被添加人id',
  `ctime` int(10) NOT NULL COMMENT '添加时间',
  PRIMARY KEY (`id`)
) ENGINE=InnoDB AUTO_INCREMENT=19 DEFAULT CHARSET=utf8 COMMENT='这是一张人脉表，用户可以交换名片';
/*!40101 SET character_set_client = @saved_cs_client */;

--
-- Dumping data for table `qc_relation`
--

LOCK TABLES `qc_relation` WRITE;
/*!40000 ALTER TABLE `qc_relation` DISABLE KEYS */;
INSERT INTO `qc_relation` VALUES (1,0,11,11,1417597531),(5,0,12,26,1417613476),(6,0,26,12,1417613500),(7,0,21,26,1417618377),(8,0,12,42,1417872803),(9,0,42,32,1417872841),(10,0,12,32,1417872915),(11,0,32,12,1417872934),(12,0,12,11,1417873112),(13,0,21,32,1417874810),(14,0,21,41,1417874849),(15,0,21,43,1417874998),(16,0,21,44,1417875030),(17,0,21,45,1417875156),(18,0,26,21,1417876485);
/*!40000 ALTER TABLE `qc_relation` ENABLE KEYS */;
UNLOCK TABLES;

--
-- Table structure for table `qc_research`
--

DROP TABLE IF EXISTS `qc_research`;
/*!40101 SET @saved_cs_client     = @@character_set_client */;
/*!40101 SET character_set_client = utf8 */;
CREATE TABLE `qc_research` (
  `id` int(11) NOT NULL AUTO_INCREMENT COMMENT '调查表id',
  `meetid` int(11) NOT NULL COMMENT '所属会议id',
  `title` varchar(128) NOT NULL COMMENT '调查主题',
  `intro` text NOT NULL COMMENT '调查简介',
  `stime` int(11) NOT NULL COMMENT '起始时间',
  `etime` int(11) NOT NULL COMMENT '结束时间',
  PRIMARY KEY (`id`)
) ENGINE=InnoDB AUTO_INCREMENT=29 DEFAULT CHARSET=utf8 COMMENT='调查表';
/*!40101 SET character_set_client = @saved_cs_client */;

--
-- Dumping data for table `qc_research`
--

LOCK TABLES `qc_research` WRITE;
/*!40000 ALTER TABLE `qc_research` DISABLE KEYS */;
INSERT INTO `qc_research` VALUES (1,1,'','',0,0),(3,10,'Research','Research sth',1415635200,1415635200),(4,101,'Research','Research sth',1415635200,1415635200),(5,126,'选出','偷我',1412092800,1412092800),(6,126,'选出','偷我',1412092800,1412092800),(7,126,'麦克白咖啡v','的防控',1412092800,1412092800),(8,126,'大发光火人','房管局也',1412092800,1412092800),(9,126,'热一天','哥红太阳',1412092800,1412092800),(10,126,'风哥哥','湖南方工行',1412092800,1412092800),(11,126,'房价高','gv分工会',1412092800,1412092800),(12,126,'发的疯狂减肥','复合风管',1412092800,1412092800),(13,126,'发的疯','复合风管',1412092800,1412092800),(14,126,'发的疯','复合风管',1412092800,1412092800),(15,126,'发的疯','复合风管',1412092800,1412092800),(16,126,'发的疯','复合风管',1412092800,1412092800),(17,126,'发的疯','复合风管',1412092800,1412092800),(18,126,'发的疯','复合风管',1412092800,1412092800),(19,126,'发的疯','复合风管',1412092800,1412092800),(20,126,'发的疯','复合风管',1412092800,1412092800),(21,126,'发的疯','复合风管',1412092800,1412092800),(22,126,'发的疯','复合风管',1412092800,1412092800),(23,128,'你觉得袂卓移动开发工作室是一个什么样的地方?','袂卓移动开发工作室是一个温馨的大家庭',1399305600,1404748800),(24,126,'Why ThinkPHP ？','Full Stack web framework?',1417021260,1417197720),(25,126,'Web Framework For PHP','Laravel Yii CodeIgniter Symfony  Phalcon',1417147260,1417234320),(26,132,'你有使用过ThinkPHP吗？','总所周知，ThinkPHP是中国人做出来的框架，而且在国内也大受欢迎，那么你有使用过吗？你有了解过吗？你愿意在什么时候去学习它？',1417914000,1418367600),(27,134,'你有使用过ThinkPHP吗？','总所周知，ThinkPHP是中国人做出来的框架，而且在国内也大受欢迎，那么你有使用过吗？你有了解过吗？你愿意在什么时候去学习它？',1418000400,1418194800),(28,135,'你有使用过ThinkPHP吗？','总所周知，ThinkPHP是中国人做出来的框架，而且在国内也大受欢迎，那么你有使用过吗？你有了解过吗？你愿意在什么时候去学习它？',1418086800,1418184000);
/*!40000 ALTER TABLE `qc_research` ENABLE KEYS */;
UNLOCK TABLES;

--
-- Table structure for table `qc_research_answer`
--

DROP TABLE IF EXISTS `qc_research_answer`;
/*!40101 SET @saved_cs_client     = @@character_set_client */;
/*!40101 SET character_set_client = utf8 */;
CREATE TABLE `qc_research_answer` (
  `id` int(11) NOT NULL AUTO_INCREMENT COMMENT '回答id',
  `questionid` int(11) NOT NULL COMMENT '问题id',
  `optionid` int(11) NOT NULL COMMENT '选项id',
  `option_content` varchar(1024) NOT NULL COMMENT '回答选项内容',
  `author` int(11) NOT NULL COMMENT '发布人id',
  `ctime` int(10) NOT NULL COMMENT '创建时间',
  PRIMARY KEY (`id`)
) ENGINE=InnoDB AUTO_INCREMENT=171 DEFAULT CHARSET=utf8 COMMENT='调查回答表';
/*!40101 SET character_set_client = @saved_cs_client */;

--
-- Dumping data for table `qc_research_answer`
--

LOCK TABLES `qc_research_answer` WRITE;
/*!40000 ALTER TABLE `qc_research_answer` DISABLE KEYS */;
INSERT INTO `qc_research_answer` VALUES (1,1,1,'I dont know',10,1416313209),(3,7,1,'后台统一',12,1416492796),(4,7,1,'后台统一',12,1416492798),(5,7,1,'后台统一',12,1416492799),(6,7,1,'后台统一',12,1416492800),(7,7,1,'后台统一',12,1416492800),(8,7,1,'后台统一',12,1416492801),(9,7,1,'后台统一',12,1416492802),(10,7,1,'后台统一',12,1416492803),(11,7,1,'后台统一',12,1416492804),(12,7,1,'后台统一',12,1416492805),(13,7,1,'后台统一',12,1416492805),(14,7,1,'后台统一',12,1416492807),(15,7,1,'后台统一',12,1416492807),(16,7,1,'后台统一',12,1416492808),(17,7,1,'后台统一',12,1416492809),(18,7,1,'后台统一',12,1416492810),(19,7,1,'发的功夫管',12,1416493099),(20,7,1,'发的功夫管',12,1416493101),(21,7,1,'发的功夫管',12,1416493102),(22,7,1,'发的功夫管',12,1416493102),(23,7,1,'发的功夫管',12,1416493468),(24,7,1,'发的功夫管',12,1416493469),(25,7,1,'发的功夫管',12,1416493470),(26,7,1,'发的功夫管',12,1416493471),(27,7,1,'发的功夫管',12,1416493471),(28,7,1,'发的功夫管',12,1416493472),(29,7,1,'发的功夫管',12,1416493473),(30,7,1,'发的功夫管',12,1416493474),(31,7,1,'发的功夫管',12,1416493474),(32,7,1,'发的功夫管',12,1416493475),(33,7,1,'发的功夫管',12,1416493475),(34,31,2,'非常喜欢',12,1416809210),(35,31,1,'喜欢',21,1416971518),(36,31,2,'非常喜欢',12,1416984961),(37,31,1,'喜欢',12,1417070083),(38,31,2,'非常喜欢',12,1417070098),(39,31,2,'非常喜欢',33,1417074633),(40,42,3,'CodeIgniter ',35,1417157090),(41,42,1,'Laravel ',35,1417158045),(42,42,2,'Yii ',35,1417158045),(43,43,1,'Laravel ',26,1417412757),(44,43,2,'Yii ',26,1417412757),(45,43,3,'CodeIgniter ',26,1417412757),(46,43,4,'Symfony  ',26,1417412757),(47,43,5,'Phalcon',26,1417412757),(48,43,1,'Laravel ',26,1417412761),(49,43,2,'Yii ',26,1417412761),(50,43,3,'CodeIgniter ',26,1417412761),(51,43,4,'Symfony  ',26,1417412761),(52,43,5,'Phalcon',26,1417412761),(53,43,1,'Laravel ',26,1417412762),(54,43,2,'Yii ',26,1417412762),(55,43,3,'CodeIgniter ',26,1417412762),(56,43,4,'Symfony  ',26,1417412762),(57,43,5,'Phalcon',26,1417412762),(58,43,1,'Laravel ',26,1417412762),(59,43,2,'Yii ',26,1417412762),(60,43,3,'CodeIgniter ',26,1417412762),(61,43,4,'Symfony  ',26,1417412762),(62,43,5,'Phalcon',26,1417412762),(63,43,1,'Laravel ',26,1417412762),(64,43,2,'Yii ',26,1417412762),(65,43,3,'CodeIgniter ',26,1417412762),(66,43,4,'Symfony  ',26,1417412762),(67,43,5,'Phalcon',26,1417412762),(68,43,1,'Laravel ',26,1417412763),(69,43,2,'Yii ',26,1417412763),(70,43,3,'CodeIgniter ',26,1417412763),(71,43,4,'Symfony  ',26,1417412763),(72,43,5,'Phalcon',26,1417412763),(73,43,1,'Laravel ',26,1417412763),(74,43,2,'Yii ',26,1417412763),(75,43,3,'CodeIgniter ',26,1417412763),(76,43,4,'Symfony  ',26,1417412763),(77,43,5,'Phalcon',26,1417412763),(78,42,1,'Laravel ',26,1417412769),(79,42,2,'Yii ',26,1417412769),(80,42,3,'CodeIgniter ',26,1417412769),(81,42,4,'Symfony  ',26,1417412769),(82,42,1,'Laravel ',26,1417412774),(83,42,2,'Yii ',26,1417412774),(84,42,3,'CodeIgniter ',26,1417412774),(85,42,4,'Symfony  ',26,1417412774),(86,42,1,'Laravel ',26,1417412776),(87,42,2,'Yii ',26,1417412776),(88,42,3,'CodeIgniter ',26,1417412776),(89,42,4,'Symfony  ',26,1417412776),(90,42,1,'Laravel ',26,1417412776),(91,42,2,'Yii ',26,1417412776),(92,42,3,'CodeIgniter ',26,1417412776),(93,42,4,'Symfony  ',26,1417412776),(94,42,1,'Laravel ',26,1417412776),(95,42,2,'Yii ',26,1417412776),(96,42,3,'CodeIgniter ',26,1417412776),(97,42,4,'Symfony  ',26,1417412776),(98,42,1,'Laravel ',26,1417412776),(99,42,2,'Yii ',26,1417412776),(100,42,3,'CodeIgniter ',26,1417412776),(101,42,4,'Symfony  ',26,1417412776),(102,42,1,'Laravel ',26,1417412776),(103,42,2,'Yii ',26,1417412776),(104,42,3,'CodeIgniter ',26,1417412776),(105,42,4,'Symfony  ',26,1417412776),(106,43,1,'Laravel ',26,1417412781),(107,43,1,'Laravel ',26,1417412783),(108,43,1,'Laravel ',26,1417412783),(109,43,1,'Laravel ',26,1417412784),(110,43,1,'Laravel ',26,1417412784),(111,43,1,'Laravel ',26,1417412784),(112,43,1,'Laravel ',26,1417412784),(113,43,1,'Laravel ',26,1417412785),(114,43,1,'Laravel ',26,1417412785),(115,42,2,'Yii ',26,1417412797),(116,42,2,'Yii ',26,1417412801),(117,43,4,'Symfony  ',26,1417412806),(118,43,4,'Symfony  ',26,1417412806),(119,43,4,'Symfony  ',26,1417412806),(120,43,4,'Symfony  ',26,1417412806),(121,43,4,'Symfony  ',26,1417412807),(122,43,4,'Symfony  ',26,1417412807),(123,42,2,'Yii ',12,1417422072),(124,42,3,'CodeIgniter ',12,1417422072),(125,42,1,'Laravel ',12,1417422221),(126,42,2,'Yii ',12,1417422221),(127,42,3,'CodeIgniter ',12,1417422329),(128,42,5,'你妹',12,1417422329),(129,42,3,'CodeIgniter ',12,1417422332),(130,42,5,'你妹',12,1417422332),(131,42,3,'CodeIgniter ',12,1417422333),(132,42,5,'你妹',12,1417422333),(133,42,3,'CodeIgniter ',12,1417422333),(134,42,5,'你妹',12,1417422333),(135,42,3,'CodeIgniter ',12,1417422334),(136,42,5,'你妹',12,1417422334),(137,42,3,'CodeIgniter ',12,1417422334),(138,42,5,'你妹',12,1417422334),(139,42,3,'CodeIgniter ',12,1417422335),(140,42,5,'你妹',12,1417422335),(141,42,3,'CodeIgniter ',12,1417422335),(142,42,5,'你妹',12,1417422335),(143,42,3,'CodeIgniter ',12,1417422335),(144,42,5,'你妹',12,1417422335),(145,42,3,'CodeIgniter ',12,1417422336),(146,42,5,'你妹',12,1417422336),(147,42,3,'CodeIgniter ',12,1417422336),(148,42,5,'你妹',12,1417422336),(149,42,3,'CodeIgniter ',12,1417422337),(150,42,5,'你妹',12,1417422337),(151,42,3,'CodeIgniter ',12,1417422337),(152,42,5,'你妹',12,1417422337),(153,42,3,'CodeIgniter ',12,1417422337),(154,42,5,'你妹',12,1417422337),(155,42,3,'CodeIgniter ',12,1417422345),(156,42,5,'你妹',12,1417422345),(157,42,3,'CodeIgniter ',12,1417422372),(158,42,4,'Symfony  ',12,1417422372),(159,42,3,'CodeIgniter ',12,1417422373),(160,42,4,'Symfony  ',12,1417422373),(161,42,3,'CodeIgniter ',12,1417422374),(162,42,4,'Symfony  ',12,1417422374),(163,42,3,'CodeIgniter ',12,1417422374),(164,42,4,'Symfony  ',12,1417422374),(165,42,5,'还没',12,1417422524),(166,42,4,'Symfony  ',26,1417768461),(167,43,4,'Symfony  ',26,1417831737),(168,51,1,'有',26,1417876448),(169,52,4,'不会去学',26,1417876451),(170,50,2,'没有',26,1417876454);
/*!40000 ALTER TABLE `qc_research_answer` ENABLE KEYS */;
UNLOCK TABLES;

--
-- Table structure for table `qc_research_question`
--

DROP TABLE IF EXISTS `qc_research_question`;
/*!40101 SET @saved_cs_client     = @@character_set_client */;
/*!40101 SET character_set_client = utf8 */;
CREATE TABLE `qc_research_question` (
  `id` int(11) NOT NULL AUTO_INCREMENT COMMENT '问题id',
  `researchid` int(11) NOT NULL COMMENT '所属的调查id',
  `title` varchar(128) NOT NULL COMMENT '问题标题',
  `options` text NOT NULL COMMENT '问题选项',
  `option_type` int(2) DEFAULT '1' COMMENT '选项类型(1单选2多选)',
  PRIMARY KEY (`id`)
) ENGINE=InnoDB AUTO_INCREMENT=53 DEFAULT CHARSET=utf8 COMMENT='调查问题表';
/*!40101 SET character_set_client = @saved_cs_client */;

--
-- Dumping data for table `qc_research_question`
--

LOCK TABLES `qc_research_question` WRITE;
/*!40000 ALTER TABLE `qc_research_question` DISABLE KEYS */;
INSERT INTO `qc_research_question` VALUES (4,3,'whar do you like?','JSON字符串',1),(5,4,'whar do you like?','JSON字符串',1),(7,5,'施工方','{\"1\":\"man\",\"2\":\"woman\"}',1),(8,5,'大概','{\"1\":\"man\",\"2\":\"woman\"}',1),(9,5,'方便国际饭店','士大夫',1),(10,5,'方便国际饭店','士大夫',1),(11,5,'方便国际饭店','士大夫',1),(12,5,'方便国际饭店','士大夫',1),(13,5,'方便国际饭店','士大夫',1),(14,5,'方便国际饭店','士大夫',1),(15,5,'方便国际饭店','士大夫',1),(16,5,'方便国际饭店','士大夫',1),(17,5,'方便国际饭店','士大夫',1),(18,5,'方便国际饭店','士大夫',1),(19,5,'方便国际饭店','士大夫',1),(20,5,'方便国际饭店','士大夫',1),(21,5,'方便国际饭店','士大夫',1),(22,5,'方便国际饭店','士大夫',1),(23,5,'方便国际饭店','士大夫',1),(24,5,'方便国际饭店','士大夫',1),(25,5,'今天你吃饭了吗？','吃了',1),(26,5,'今天你吃饭了吗？','吃了',1),(27,5,'今天你吃饭了吗？','吃了',1),(28,5,'今天你吃饭了吗？','吃了',1),(29,5,'今天你吃饭了吗？','吃了',1),(30,5,'今天你吃饭了吗？','吃了',1),(31,23,'你喜欢袂卓工作室吗','{\"1\":\"喜欢\",\"2\":\"非常喜欢\"}',1),(32,0,'哈哈','{1:man,2:woman}',1),(33,0,'哈哈','{1:man,2:woman}',1),(34,22,'哈哈','{1:man,2:woman}',1),(35,22,'哈哈','{1:man,2:woman}',1),(36,22,'哈哈','{1:man,2:woman}',1),(37,21,'哈哈','{1:man,2:woman}',1),(38,21,'哈哈','{1:man,2:woman}',1),(39,24,'实用性','{\"1\":\"吊炸天\",\"2\":\"很强\",\"3\":\"一般\"}',1),(40,24,'REST使用感受','{\"1\":\"还行\",\"2\":\"一般\",\"3\":\"软肋\"}',1),(41,21,'呼呼','\"{1:man,2:woman}\"',1),(42,25,'除了TP,你知道哪些php web框架？',' {                 \"1\": \"Laravel \",                 \"2\": \"Yii \",                 \"3\": \"CodeIgniter \",                 \"4\": \"Symfony  \",                 \"5\": \"\"             }',2),(43,25,'除了TP，你使用过哪些框架？','{\"1\":\"Laravel \",\"2\":\"Yii \",\"3\":\"CodeIgniter \",\"4\":\"Symfony  \",\"5\":\"Phalcon\"}',2),(44,26,'你有使用过ThinkPHP吗？','{\"1\":\"有\",\"2\":\"没有\"}',1),(45,26,'你有了解过ThinkPHP吗？','{\"1\":\"有\",\"2\":\"大概了解过\",\"3\":\"听说过，没深入了解\",\"4\":\"没有\"}',1),(46,26,'你愿意在什么时候去学习它？','{\"1\":\"空闲时\",\"2\":\"每天都学\",\"3\":\"不会去学它\"}',2),(47,27,'你有使用过ThinkPHP吗？','{\"1\":\"有\",\"2\":\"没有\"}',1),(48,27,'有了解过ThinkPHP吗？','{\"1\":\"有\",\"2\":\"大概了解过\",\"3\":\"听说过，但没深入了解\",\"4\":\"没有\"}',1),(49,27,'你愿意在什么时候去学习它？','{\"1\":\"一定会去学\",\"2\":\"需要的时候\",\"3\":\"说不定\",\"4\":\"不会去学\"}',1),(50,28,'你有使用过ThinkPHP吗？','{\"1\":\"有\",\"2\":\"没有\"}',1),(51,28,'有了解过ThinkPHP吗？','{\"1\":\"有\",\"2\":\"大概了解过\",\"3\":\"听说过，但没深入了解\",\"4\":\"没有\"}',1),(52,28,'你会去学习它吗？','{\"1\":\"一定会去学\",\"2\":\"需要的时候\",\"3\":\"说不定\",\"4\":\"不会去学\"}',1);
/*!40000 ALTER TABLE `qc_research_question` ENABLE KEYS */;
UNLOCK TABLES;

--
-- Table structure for table `qc_vote`
--

DROP TABLE IF EXISTS `qc_vote`;
/*!40101 SET @saved_cs_client     = @@character_set_client */;
/*!40101 SET character_set_client = utf8 */;
CREATE TABLE `qc_vote` (
  `id` int(11) NOT NULL AUTO_INCREMENT COMMENT '投票id',
  `meetid` int(11) NOT NULL COMMENT '所属会议id',
  `title` varchar(64) NOT NULL COMMENT '投票主题',
  `intro` varchar(1024) NOT NULL COMMENT '投票简介',
  `ctime` int(10) NOT NULL COMMENT '创建时间',
  `stime` int(10) NOT NULL COMMENT '起始时间',
  `etime` int(10) NOT NULL COMMENT '终止时间',
  PRIMARY KEY (`id`)
) ENGINE=InnoDB AUTO_INCREMENT=27 DEFAULT CHARSET=utf8 COMMENT='投票表';
/*!40101 SET character_set_client = @saved_cs_client */;

--
-- Dumping data for table `qc_vote`
--

LOCK TABLES `qc_vote` WRITE;
/*!40000 ALTER TABLE `qc_vote` DISABLE KEYS */;
INSERT INTO `qc_vote` VALUES (1,1,'about sth','the vote of sth ',1416377413,1415635200,1415635200),(2,126,'PHP是最好的语言','PHP（外文名: Hypertext Preprocessor，中文名：“超文本预处理器”）是一种通用开源脚本语言。语法吸收了C语言、Java和Perl的特点，利于学习，使用广泛，主要适用于Web开发领域。',1416383882,1415635200,1415635200),(3,126,'PHP web framework哪个容易上手？','Yii Laravel....',1416386141,1415635200,1415635200),(4,126,'Why you hate TP?','Model,controller or magic method?',1416407424,1336233600,1399305600),(5,126,'刚看见后果','发汇通',1416407426,1336233600,1399305600),(6,126,'刚看见后果','发汇通',1416407427,1336233600,1399305600),(7,126,'刚看见后果','发汇通',1416407428,1336233600,1399305600),(8,126,'刚看见后果','发汇通',1416407429,1336233600,1399305600),(9,126,'刚看见后果','发汇通',1416407430,1336233600,1399305600),(10,126,'刚看见后果','发汇通',1416407431,1336233600,1399305600),(11,126,'刚看见后果','发汇通',1416407432,1336233600,1399305600),(12,126,'刚看见后果','发汇通',1416407480,1336233600,1399305600),(13,126,'12','45',1416452558,0,1416423780),(14,128,'关于选取袂卓移动公开发工作室新一任HR','关于选取袂卓测试数据：移动公开发工作室新一任HR，移动公开发工作室新一任HR，移动公开发工作室新一任HR',1416796421,1399392000,1402156800),(15,132,'各种PHP框架的受欢迎程度','总所周知，PHP有很多框架，如：yii、CakePHP、ThinkPHP、Zend Framework、Laravel等等，那么多种框架，你最喜欢使用哪一种呢？',1417872313,1417996800,1418205600),(16,132,'你最喜欢哪种类型的书','每个人都喜欢不同类型的书，有人喜欢科幻，有人喜欢文学的，你呢？',1417872457,1418108400,1418198400),(17,134,'各种PHP框架的受欢迎程度','总所周知，PHP有很多框架，如：yii、CakePHP、ThinkPHP、Zend Framework、Laravel等等，那么多种框架，你最喜欢使用哪一种呢？',1417874490,1418083200,1418176800),(18,134,'各种PHP框架的受欢迎程度','总所周知，PHP有很多框架，如：yii、CakePHP、ThinkPHP、Zend Framework、Laravel等等，那么多种框架，你最喜欢使用哪一种呢？',1417874493,1418083200,1418176800),(19,134,'各种PHP框架的受欢迎程度','总所周知，PHP有很多框架，如：yii、CakePHP、ThinkPHP、Zend Framework、Laravel等等，那么多种框架，你最喜欢使用哪一种呢？',1417874500,1418083200,1418176800),(20,134,'各种PHP框架的受欢迎程度','总所周知，PHP有很多框架，如：Yii、CakePHP、ThinkPHP、Zend Framework、Laravel等等，那么多种框架，你最喜欢使用哪一种呢？',1417874514,1418083200,1418176800),(21,134,'各种PHP框架的受欢迎程度','总所周知，PHP有很多框架，如：Yii、CakePHP、ThinkPHP、Zend Framework、Laravel等等，那么多种框架，你最喜欢使用哪一种呢？',1417874517,1418083200,1418176800),(22,134,'各种PHP框架的受欢迎程度','总所周知，PHP有很多框架，如：Yii、CakePHP、ThinkPHP、Zend Framework、Laravel等等，那么多种框架，你最喜欢使用哪一种呢？',1417874535,1418083200,1418176800),(23,134,'各种PHP框架的受欢迎程度','总所周知，PHP有很多框架，如：Yii、CakePHP、ThinkPHP、Zend Framework、Laravel等等，那么多种框架，你最喜欢使用哪一种呢？',1417874539,1418083200,1418176800),(24,134,'你最喜欢哪种类型的书','每个人都喜欢不同类型的书，有人喜欢科幻，有人喜欢文学的，你呢？',1417874644,1418086800,1418263200),(25,135,'你最喜欢哪种类型的书','  每个人都喜欢不同类型的书，有人喜欢科幻，有人喜欢文学的，你呢？',1417876083,1418086800,1418194800),(26,135,'各种PHP框架的受欢迎程度','总所周知，PHP有很多框架，如：Yii、CakePHP、ThinkPHP、Zend Framework、Laravel等等，那么多种框架，你最喜欢使用哪一种呢？',1417876119,1418097600,1418284800);
/*!40000 ALTER TABLE `qc_vote` ENABLE KEYS */;
UNLOCK TABLES;

--
-- Table structure for table `qc_vote_option`
--

DROP TABLE IF EXISTS `qc_vote_option`;
/*!40101 SET @saved_cs_client     = @@character_set_client */;
/*!40101 SET character_set_client = utf8 */;
CREATE TABLE `qc_vote_option` (
  `id` int(11) NOT NULL AUTO_INCREMENT COMMENT '选项id',
  `voteid` int(11) NOT NULL COMMENT '所属投票表id',
  `meetid` int(11) NOT NULL COMMENT '所属会议表id',
  `vpintro` varchar(256) NOT NULL COMMENT '选项 介绍',
  PRIMARY KEY (`id`)
) ENGINE=InnoDB AUTO_INCREMENT=126 DEFAULT CHARSET=utf8 COMMENT='选项表';
/*!40101 SET character_set_client = @saved_cs_client */;

--
-- Dumping data for table `qc_vote_option`
--

LOCK TABLES `qc_vote_option` WRITE;
/*!40000 ALTER TABLE `qc_vote_option` DISABLE KEYS */;
INSERT INTO `qc_vote_option` VALUES (2,1,1,'objection'),(3,1,1,'objection'),(4,1,1,'objection'),(5,2,1,'基本同意'),(6,3,1,'objection'),(7,4,1,'objection'),(8,5,1,'objection'),(9,3,1,'objection'),(10,15,1,'objection15'),(12,3,126,'风格'),(13,3,126,'官方的口感好地方'),(14,3,126,'官方的口感好地方'),(15,3,126,'方法'),(16,2,126,'Python笑而不语'),(17,2,126,'Ruby笑而不语'),(18,2,126,'Java笑而不语'),(19,2,126,'C#笑而不语'),(20,2,126,'Scala笑而不语'),(60,2,126,'JavaScript路过'),(61,2,126,'lua鲁阿'),(62,2,126,'我不是程序员'),(63,15,132,'Yii'),(64,15,132,'CakePHP'),(65,15,132,'ThinkPHP'),(66,15,132,'Zend Framework'),(67,15,132,'Laravel'),(68,16,132,'科幻类'),(69,16,132,'文学类'),(70,16,132,'悬疑类'),(71,16,132,'魔幻类'),(72,16,132,'游记类'),(73,16,132,'技术类'),(74,17,134,'Yii'),(75,17,134,'CakePHP'),(76,17,134,'ThinkPHP'),(77,17,134,'Zend Framework'),(78,17,134,'Laravel'),(79,18,134,'Yii'),(80,18,134,'CakePHP'),(81,18,134,'ThinkPHP'),(82,18,134,'Zend Framework'),(83,18,134,'Laravel'),(84,19,134,'Yii'),(85,19,134,'CakePHP'),(86,19,134,'ThinkPHP'),(87,19,134,'Zend Framework'),(88,19,134,'Laravel'),(89,20,134,'Yii'),(90,20,134,'CakePHP'),(91,20,134,'ThinkPHP'),(92,20,134,'Zend Framework'),(93,20,134,'Laravel'),(94,21,134,'Yii'),(95,21,134,'CakePHP'),(96,21,134,'ThinkPHP'),(97,21,134,'Zend Framework'),(98,21,134,'Laravel'),(99,22,134,'Yii'),(100,22,134,'CakePHP'),(101,22,134,'ThinkPHP'),(102,22,134,'Zend Framework'),(103,22,134,'Laravel'),(104,23,134,'Yii'),(105,23,134,'CakePHP'),(106,23,134,'ThinkPHP'),(107,23,134,'Zend Framework'),(108,23,134,'Laravel'),(109,24,134,'科幻类'),(110,24,134,'文学类'),(111,24,134,'悬疑类'),(112,24,134,'魔幻类'),(113,24,134,'游记类'),(114,24,134,'技术类'),(115,25,135,'科幻类'),(116,25,135,'文学类'),(117,25,135,'悬疑类'),(118,25,135,'魔幻类'),(119,25,135,'游记类'),(120,25,135,'技术类'),(121,26,135,'Yii'),(122,26,135,'CakePHP'),(123,26,135,'ThinkPHP'),(124,26,135,'Zend Framework'),(125,26,135,'Laravel');
/*!40000 ALTER TABLE `qc_vote_option` ENABLE KEYS */;
UNLOCK TABLES;

--
-- Table structure for table `qc_vote_record`
--

DROP TABLE IF EXISTS `qc_vote_record`;
/*!40101 SET @saved_cs_client     = @@character_set_client */;
/*!40101 SET character_set_client = utf8 */;
CREATE TABLE `qc_vote_record` (
  `id` int(11) NOT NULL AUTO_INCREMENT COMMENT '一次投票记录标识id',
  `optionsid` int(11) NOT NULL COMMENT '选项id',
  `voteid` int(11) NOT NULL COMMENT '投票id',
  `memberid` int(11) NOT NULL COMMENT '用户id',
  `ctime` int(10) NOT NULL COMMENT '投票时间',
  `ip` varchar(32) NOT NULL COMMENT '投票ip地址',
  PRIMARY KEY (`id`)
) ENGINE=InnoDB AUTO_INCREMENT=17 DEFAULT CHARSET=utf8 COMMENT='投票记录';
/*!40101 SET character_set_client = @saved_cs_client */;

--
-- Dumping data for table `qc_vote_record`
--

LOCK TABLES `qc_vote_record` WRITE;
/*!40000 ALTER TABLE `qc_vote_record` DISABLE KEYS */;
INSERT INTO `qc_vote_record` VALUES (1,1,1,10,1416378499,'221.4.190.120'),(2,20,2,12,1416471265,'221.4.190.78'),(3,5,2,26,1416629237,'221.4.190.108'),(4,89,14,12,1416800759,'221.4.190.78'),(5,87,14,11,1416816867,'221.4.190.78'),(6,87,14,33,1417074608,'183.54.70.98'),(7,17,2,35,1417146428,'221.4.190.155'),(8,5,2,21,1417163235,'221.4.190.48'),(9,9,3,21,1417328623,'221.4.190.48'),(10,7,4,26,1417587403,'221.4.190.120'),(11,8,5,26,1417587412,'221.4.190.120'),(12,109,24,26,1417874744,'112.96.129.143'),(13,123,26,26,1417876427,'112.96.129.143'),(14,118,25,26,1417876431,'112.96.129.143'),(15,123,26,21,1417876869,'221.4.190.88'),(16,119,25,21,1417877039,'221.4.190.88');
/*!40000 ALTER TABLE `qc_vote_record` ENABLE KEYS */;
UNLOCK TABLES;
